id,title,description,link,image_link,price,sale_price,availability,condition,brand,google_product_category,product_type,identifier_exists,custom_label_0
semaglutide,Semaglutide,A GLP-1 receptor agonist analog used in metabolic research. Studies glucose-dependent insulin secretion and body weight regulation pathways.,https://peakpeptidessolutions.com/products/semaglutide,https://peakpeptidessolutions.com/images/products/semaglutide.jpg,285.00 USD,245.00 USD,in_stock,new,Peak Peptides Solutions,Health > Health Care,GLP-1 Agonists,no,GLP-1 Agonists
igf1-lr3,IGF1-LR3,Long R3 insulin-like growth factor-1 with extended half-life. Used in cellular growth and muscle tissue proliferation research.,https://peakpeptidessolutions.com/products/igf1-lr3,https://peakpeptidessolutions.com/images/products/igf1-lr3.jpg,298.00 USD,258.00 USD,in_stock,new,Peak Peptides Solutions,Health > Health Care,Growth Hormone Peptides,no,Growth Hormone Peptides
matrixyl-3000,Matrixyl 3000,A palmitoyl dipeptide-3 and matrikine signaling complex. Research focuses on collagen synthesis stimulation and ECM protein production.,https://peakpeptidessolutions.com/products/matrixyl-3000,https://peakpeptidessolutions.com/images/products/matrixyl-3000.jpg,198.00 USD,158.00 USD,in_stock,new,Peak Peptides Solutions,Health > Health Care,Cosmetic Peptides,no,Cosmetic Peptides
tesamorelin,Tesamorelin,A synthetic analog of growth hormone-releasing hormone (GHRH). Used in GH secretion and metabolic regulation research.,https://peakpeptidessolutions.com/products/tesamorelin,https://peakpeptidessolutions.com/images/products/tesamorelin.jpg,285.00 USD,245.00 USD,in_stock,new,Peak Peptides Solutions,Health > Health Care,Growth Hormone Peptides,no,Growth Hormone Peptides
tirzepatide,Tirzepatide,A dual GIP and GLP-1 receptor agonist. Used in type 2 diabetes and obesity mechanism research via incretin-based metabolic pathways.,https://peakpeptidessolutions.com/products/tirzepatide,https://peakpeptidessolutions.com/images/products/tirzepatide.jpg,188.00 USD,148.00 USD,in_stock,new,Peak Peptides Solutions,Health > Health Care,GLP-1 Agonists,no,GLP-1 Agonists
ipamorelin-acetate,Ipamorelin Acetate,A selective growth hormone secretagogue and ghrelin receptor agonist. Research focuses on GH pulsatile release and appetite regulation.,https://peakpeptidessolutions.com/products/ipamorelin-acetate,https://peakpeptidessolutions.com/images/products/ipamorelin-acetate.jpg,325.00 USD,285.00 USD,in_stock,new,Peak Peptides Solutions,Health > Health Care,Growth Hormone Peptides,no,Growth Hormone Peptides
pnc-27,PNC-27,A p53-related peptide that selectively targets cancer cell membranes. Used in oncology research for selective cytotoxicity mechanisms.,https://peakpeptidessolutions.com/products/pnc-27,https://peakpeptidessolutions.com/images/products/pnc-27.jpg,138.00 USD,98.00 USD,in_stock,new,Peak Peptides Solutions,Health > Health Care,Other Research Peptides,no,Other Research Peptides
acetyl-hexapeptide-38,Acetyl Hexapeptide 38,A signal peptide used in adipogenesis and fat storage research. Studies focus on modulating adipocyte differentiation pathways.,https://peakpeptidessolutions.com/products/acetyl-hexapeptide-38,https://peakpeptidessolutions.com/images/products/acetyl-hexapeptide-38.jpg,198.00 USD,158.00 USD,in_stock,new,Peak Peptides Solutions,Health > Health Care,Cosmetic Peptides,no,Cosmetic Peptides
hexapeptide-10-serilesine,Hexapeptide-10 / Serilesine,A laminin-derived hexapeptide used in skin adhesion and cellular matrix research. Studies laminin-5 receptor interactions and integrin signaling.,https://peakpeptidessolutions.com/products/hexapeptide-10-serilesine,https://peakpeptidessolutions.com/images/products/hexapeptide0-serilesine4.jpg,198.00 USD,158.00 USD,in_stock,new,Peak Peptides Solutions,Health > Health Care,Cosmetic Peptides,no,Cosmetic Peptides
snap-8,Snap-8 / Acetyl Octapeptide-3,An octapeptide analog of SNAP-25 used in neuromuscular junction research. Studies vesicle-membrane fusion and neurotransmitter release mechanisms.,https://peakpeptidessolutions.com/products/snap-8,https://peakpeptidessolutions.com/images/products/snap-8-acetyl-octapeptide-3x.jpg,198.00 USD,158.00 USD,in_stock,new,Peak Peptides Solutions,Health > Health Care,Cosmetic Peptides,no,Cosmetic Peptides
ace-031,ACE-031,A fusion protein based on activin receptor type IIA. Research focuses on myostatin inhibition and muscle mass regulation pathways.,https://peakpeptidessolutions.com/products/ace-031,https://peakpeptidessolutions.com/images/products/ace-031.jpg,185.00 USD,145.00 USD,in_stock,new,Peak Peptides Solutions,Health > Health Care,Muscle Research,no,Muscle Research
thymosin-alpha1,Thymosin Alpha 1,"A naturally occurring thymic peptide used in immune system modulation research. Studies T-cell maturation, NK cell activation, and immune response pathways.",https://peakpeptidessolutions.com/products/thymosin-alpha1,https://peakpeptidessolutions.com/images/products/thymosin-alpha1.jpg,300.00 USD,260.00 USD,in_stock,new,Peak Peptides Solutions,Health > Health Care,Immune Support,no,Immune Support
selank,Selank,A heptapeptide analog of tuftsin used in anxiolytic and nootropic research. Studies GABA receptor modulation and cognitive enhancement mechanisms.,https://peakpeptidessolutions.com/products/selank,https://peakpeptidessolutions.com/images/products/selank.jpg,285.00 USD,245.00 USD,in_stock,new,Peak Peptides Solutions,Health > Health Care,Cognitive & Nootropic,no,Cognitive & Nootropic
sermorelin-acetate,Sermorelin Acetate,A 29-amino acid GHRH analog used in growth hormone secretion research. Studies pituitary somatotroph stimulation and GH axis regulation.,https://peakpeptidessolutions.com/products/sermorelin-acetate,https://peakpeptidessolutions.com/images/products/sermorelin-acetate.jpg,199.00 USD,159.00 USD,in_stock,new,Peak Peptides Solutions,Health > Health Care,Growth Hormone Peptides,no,Growth Hormone Peptides
tripeptide-29,Tripeptide-29,A collagen tripeptide (Gly-Pro-Hyp) used in ECM and wound healing research. Studies collagen precursor synthesis and fibroblast activity.,https://peakpeptidessolutions.com/products/tripeptide-29,https://peakpeptidessolutions.com/images/products/tripeptide-29.jpg,149.00 USD,109.00 USD,in_stock,new,Peak Peptides Solutions,Health > Health Care,Cosmetic Peptides,no,Cosmetic Peptides
fragment-176-191,Fragment 176-191,A 16-amino acid fragment of human growth hormone used in lipolysis research. Studies fat metabolism regulation and adipocyte receptor interactions.,https://peakpeptidessolutions.com/products/fragment-176-191,https://peakpeptidessolutions.com/images/products/fragment7691.jpg,148.00 USD,108.00 USD,in_stock,new,Peak Peptides Solutions,Health > Health Care,Fat Loss Research,no,Fat Loss Research
palmitoyl-tripeptide-5,Palmitoyl Tripeptide-5,A biomimetic peptide that activates TGF-β pathways. Research focuses on collagen synthesis and tissue remodeling mechanisms.,https://peakpeptidessolutions.com/products/palmitoyl-tripeptide-5,https://peakpeptidessolutions.com/images/products/palmitoyl-tripeptide-5.jpg,198.00 USD,158.00 USD,in_stock,new,Peak Peptides Solutions,Health > Health Care,Cosmetic Peptides,no,Cosmetic Peptides
thymosin-beta4,Thymosin Beta 4,"A ubiquitous 43-amino acid peptide used in tissue repair and angiogenesis research. Studies actin sequestration, wound healing, and cardiac regeneration.",https://peakpeptidessolutions.com/products/thymosin-beta4,https://peakpeptidessolutions.com/images/products/thymosin-beta4.jpg,345.00 USD,305.00 USD,in_stock,new,Peak Peptides Solutions,Health > Health Care,Healing & Recovery,no,Healing & Recovery
semax,Semax,A synthetic ACTH analog used in neuroprotection and cognitive function research. Studies BDNF regulation and neuroplasticity mechanisms.,https://peakpeptidessolutions.com/products/semax,https://peakpeptidessolutions.com/images/products/semax.jpg,185.00 USD,145.00 USD,in_stock,new,Peak Peptides Solutions,Health > Health Care,Cognitive & Nootropic,no,Cognitive & Nootropic
cjc-1295,CJC-1295,A 30-amino acid GHRH analog with DAC modification. Used in long-acting GH secretion and IGF-1 elevation pathway research.,https://peakpeptidessolutions.com/products/cjc-1295,https://peakpeptidessolutions.com/images/products/cjc295.jpg,325.00 USD,285.00 USD,in_stock,new,Peak Peptides Solutions,Health > Health Care,Growth Hormone Peptides,no,Growth Hormone Peptides
bpc-157,BPC-157,"A 15-amino acid partial sequence of body protection compound. Research focuses on angiogenesis, tendon repair, and gut mucosal protection.",https://peakpeptidessolutions.com/products/bpc-157,https://peakpeptidessolutions.com/images/products/bpc57.jpg,298.00 USD,258.00 USD,in_stock,new,Peak Peptides Solutions,Health > Health Care,Healing & Recovery,no,Healing & Recovery
vip,VIP (Vasoactive Intestinal Peptide),"A 28-amino acid neuropeptide used in smooth muscle and immune research. Studies vasodilation, bronchodilation, and anti-inflammatory mechanisms.",https://peakpeptidessolutions.com/products/vip,https://peakpeptidessolutions.com/images/products/vip.jpg,178.00 USD,138.00 USD,in_stock,new,Peak Peptides Solutions,Health > Health Care,Other Research Peptides,no,Other Research Peptides
vilon,Vilon,A dipeptide (Lys-Glu) derived from the thymus used in aging and immune regulation research. Studies peptide bioregulation and longevity mechanisms.,https://peakpeptidessolutions.com/products/vilon,https://peakpeptidessolutions.com/images/products/vilon.jpg,148.00 USD,108.00 USD,in_stock,new,Peak Peptides Solutions,Health > Health Care,Anti-Aging,no,Anti-Aging
vialox,Vialox (Pentapeptide-3V),A synthetic pentapeptide analog of waglerin-1. Research studies nicotinic acetylcholine receptor antagonism and muscle contraction mechanisms.,https://peakpeptidessolutions.com/products/vialox,https://peakpeptidessolutions.com/images/products/vialox-pentapeptide-3v.jpg,148.00 USD,108.00 USD,in_stock,new,Peak Peptides Solutions,Health > Health Care,Cosmetic Peptides,no,Cosmetic Peptides
vesugen,Vesugen,A vascular bioregulator tripeptide used in cardiovascular and endothelial aging research. Studies peptide regulation of vascular wall function.,https://peakpeptidessolutions.com/products/vesugen,https://peakpeptidessolutions.com/images/products/vesugen.jpg,196.00 USD,156.00 USD,in_stock,new,Peak Peptides Solutions,Health > Health Care,Anti-Aging,no,Anti-Aging
vesilut,Vesilut,A urinary bladder bioregulator peptide used in urogenital tissue aging research. Studies smooth muscle cell regulation and organ-specific peptide bioregulation.,https://peakpeptidessolutions.com/products/vesilut,https://peakpeptidessolutions.com/images/products/vesilut.jpg,198.00 USD,158.00 USD,in_stock,new,Peak Peptides Solutions,Health > Health Care,Anti-Aging,no,Anti-Aging
thyrotropin-trh,Thyrotropin TRH,"Thyrotropin-releasing hormone, a hypothalamic tripeptide. Used in neuroendocrine and HPT axis research studying TSH secretion and thyroid function regulation.",https://peakpeptidessolutions.com/products/thyrotropin-trh,https://peakpeptidessolutions.com/images/products/thyrotropin-trh.jpg,188.00 USD,148.00 USD,in_stock,new,Peak Peptides Solutions,Health > Health Care,Other Research Peptides,no,Other Research Peptides
thymalin,Thymalin,"A thymic polypeptide complex used in immune system modulation and aging research. Studies T-cell differentiation, NK cell activity, and thymic peptide bioregulation.",https://peakpeptidessolutions.com/products/thymalin,https://peakpeptidessolutions.com/images/products/thymalin.jpg,198.00 USD,158.00 USD,in_stock,new,Peak Peptides Solutions,Health > Health Care,Immune Support,no,Immune Support
thymagen,Thymagen,A thymic tetrapeptide (His-Asp-Gly-Val) used in immune regulation research. Studies T-lymphocyte differentiation and immunomodulatory peptide bioregulation.,https://peakpeptidessolutions.com/products/thymagen,https://peakpeptidessolutions.com/images/products/thymagen.jpg,188.00 USD,148.00 USD,in_stock,new,Peak Peptides Solutions,Health > Health Care,Immune Support,no,Immune Support
testagen,Testagen,A testicular gland bioregulator tetrapeptide used in male reproductive aging research. Studies gonadotropin regulation and testicular cell function.,https://peakpeptidessolutions.com/products/testagen,https://peakpeptidessolutions.com/images/products/testagen.jpg,128.00 USD,88.00 USD,in_stock,new,Peak Peptides Solutions,Health > Health Care,Anti-Aging,no,Anti-Aging
syn-coll,Syn-Coll,A palmitoyl tripeptide-5 analog used in collagen synthesis and skin aging research. Studies TGF-β pathway activation and extracellular matrix remodeling.,https://peakpeptidessolutions.com/products/syn-coll,https://peakpeptidessolutions.com/images/products/syn-coll.jpg,148.00 USD,108.00 USD,in_stock,new,Peak Peptides Solutions,Health > Health Care,Cosmetic Peptides,no,Cosmetic Peptides
ptd-dbm,PTD-DBM,A cell-penetrating peptide fused with a Dishevelled-binding motif. Used in Wnt/β-catenin pathway research studying hair follicle regeneration mechanisms.,https://peakpeptidessolutions.com/products/ptd-dbm,https://peakpeptidessolutions.com/images/products/ptd-dbm.jpg,158.00 USD,118.00 USD,in_stock,new,Peak Peptides Solutions,Health > Health Care,Healing & Recovery,no,Healing & Recovery
prostamax,Prostamax,"A prostate gland bioregulator peptide used in urogenital research. Studies prostate cell differentiation, glandular tissue regulation, and organ-specific bioregulation.",https://peakpeptidessolutions.com/products/prostamax,https://peakpeptidessolutions.com/images/products/prostamax.jpg,188.00 USD,148.00 USD,in_stock,new,Peak Peptides Solutions,Health > Health Care,Other Research Peptides,no,Other Research Peptides
pinealon,Pinealon,"A pineal gland tripeptide (Glu-Asp-Arg) used in circadian rhythm and neuroprotection research. Studies melatonin regulation, retinal function, and brain aging mechanisms.",https://peakpeptidessolutions.com/products/pinealon,https://peakpeptidessolutions.com/images/products/pinealon.jpg,188.00 USD,148.00 USD,in_stock,new,Peak Peptides Solutions,Health > Health Care,Cognitive & Nootropic,no,Cognitive & Nootropic
pentapeptide-18,Pentapeptide-18,"Also known as Leuphasyl, an enkephalin-like pentapeptide used in neuromuscular junction research. Studies opioid receptor interaction and expression-line inhibition mechanisms.",https://peakpeptidessolutions.com/products/pentapeptide-18,https://peakpeptidessolutions.com/images/products/leuphasyl.jpg,135.00 USD,95.00 USD,in_stock,new,Peak Peptides Solutions,Health > Health Care,Cosmetic Peptides,no,Cosmetic Peptides
peg-mgf,PEG-MGF,PEGylated mechano growth factor with extended half-life. Used in muscle satellite cell activation and tissue repair research via IGF-1 splice variant pathways.,https://peakpeptidessolutions.com/products/peg-mgf,https://peakpeptidessolutions.com/images/products/peg-mgf.jpg,198.00 USD,158.00 USD,in_stock,new,Peak Peptides Solutions,Health > Health Care,Muscle Research,no,Muscle Research
pe-22-28,PE-22-28,A truncated spadin analog with TREK-1 channel antagonist activity. Used in antidepressant mechanism research studying serotonin system and neuroplasticity pathways.,https://peakpeptidessolutions.com/products/pe-22-28,https://peakpeptidessolutions.com/images/products/pe-22-28.jpg,128.00 USD,88.00 USD,in_stock,new,Peak Peptides Solutions,Health > Health Care,Cognitive & Nootropic,no,Cognitive & Nootropic
pancragen,Pancragen,A pancreatic bioregulator tetrapeptide used in islet cell function and metabolic aging research. Studies insulin secretion regulation and pancreatic tissue bioregulation.,https://peakpeptidessolutions.com/products/pancragen,https://peakpeptidessolutions.com/images/products/pancragen.jpg,128.00 USD,88.00 USD,in_stock,new,Peak Peptides Solutions,Health > Health Care,Other Research Peptides,no,Other Research Peptides
pal-ghk,Pal-GHK,Palmitoyl tripeptide-1 (Pal-Gly-His-Lys) used in collagen and elastin synthesis research. Studies ECM protein production and skin structural protein regulation.,https://peakpeptidessolutions.com/products/pal-ghk,https://peakpeptidessolutions.com/images/products/pal-ghk.jpg,135.00 USD,95.00 USD,in_stock,new,Peak Peptides Solutions,Health > Health Care,Cosmetic Peptides,no,Cosmetic Peptides
pal-ahk,Pal-AHK,Palmitoyl tripeptide-3 (Pal-Ala-His-Lys) used in hair follicle and scalp research. Studies follicle stem cell activation and hair growth factor signaling pathways.,https://peakpeptidessolutions.com/products/pal-ahk,https://peakpeptidessolutions.com/images/products/pal-ahk.jpg,135.00 USD,95.00 USD,in_stock,new,Peak Peptides Solutions,Health > Health Care,Cosmetic Peptides,no,Cosmetic Peptides
p21,P21,A humanin-derived peptide analog with enhanced neuroprotective activity. Used in neurodegeneration and cognitive decline research via STAT3 and IGF-1 receptor pathways.,https://peakpeptidessolutions.com/products/p21,https://peakpeptidessolutions.com/images/products/p21.jpg,178.00 USD,138.00 USD,in_stock,new,Peak Peptides Solutions,Health > Health Care,Cognitive & Nootropic,no,Cognitive & Nootropic
n-acetyl-semax,N-Acetyl Semax,"An acetylated analog of Semax with enhanced bioavailability. Used in BDNF upregulation, neuroprotection, and cognitive enhancement mechanism research.",https://peakpeptidessolutions.com/products/n-acetyl-semax,https://peakpeptidessolutions.com/images/products/n-acetyl-semax.jpg,138.00 USD,98.00 USD,in_stock,new,Peak Peptides Solutions,Health > Health Care,Cognitive & Nootropic,no,Cognitive & Nootropic
n-acetyl-selank,N-Acetyl Selank,"An acetylated Selank analog with improved stability. Used in anxiolytic mechanism and GABAergic modulation research, studying cognitive and stress response pathways.",https://peakpeptidessolutions.com/products/n-acetyl-selank,https://peakpeptidessolutions.com/images/products/n-acetyl-selank.jpg,198.00 USD,158.00 USD,in_stock,new,Peak Peptides Solutions,Health > Health Care,Cognitive & Nootropic,no,Cognitive & Nootropic
mgf,MGF,"Mechano growth factor, an IGF-1 splice variant. Used in satellite cell recruitment and muscle hypertrophy research studying mechanotransduction and tissue repair pathways.",https://peakpeptidessolutions.com/products/mgf,https://peakpeptidessolutions.com/images/products/mgf.jpg,198.00 USD,158.00 USD,in_stock,new,Peak Peptides Solutions,Health > Health Care,Muscle Research,no,Muscle Research
ll-37,LL-37,"The only human cathelicidin antimicrobial peptide. Used in innate immunity and wound healing research studying membrane disruption, biofilm inhibition, and immunomodulation.",https://peakpeptidessolutions.com/products/ll-37,https://peakpeptidessolutions.com/images/products/ll-37.jpg,148.00 USD,108.00 USD,in_stock,new,Peak Peptides Solutions,Health > Health Care,Immune Support,no,Immune Support
livagen,Livagen,"A liver and immune bioregulator tetrapeptide used in hepatocellular aging research. Studies chromatin remodeling, gene expression regulation, and liver tissue bioregulation.",https://peakpeptidessolutions.com/products/livagen,https://peakpeptidessolutions.com/images/products/livagen.jpg,178.00 USD,138.00 USD,in_stock,new,Peak Peptides Solutions,Health > Health Care,Anti-Aging,no,Anti-Aging
kpv,KPV,"A C-terminal tripeptide of alpha-MSH (Lys-Pro-Val) with potent anti-inflammatory activity. Used in gut inflammation, wound healing, and NF-κB pathway research.",https://peakpeptidessolutions.com/products/kpv,https://peakpeptidessolutions.com/images/products/kpv.jpg,148.00 USD,108.00 USD,in_stock,new,Peak Peptides Solutions,Health > Health Care,Healing & Recovery,no,Healing & Recovery
humanin,Humanin,"A mitochondria-derived cytoprotective peptide used in neurodegeneration and longevity research. Studies anti-apoptotic signaling, metabolic regulation, and age-related disease mechanisms.",https://peakpeptidessolutions.com/products/humanin,https://peakpeptidessolutions.com/images/products/humanin.jpg,198.00 USD,158.00 USD,in_stock,new,Peak Peptides Solutions,Health > Health Care,Anti-Aging,no,Anti-Aging
ghk-basic,GHK Basic,"GHK (Gly-His-Lys) tripeptide used in skin regeneration and anti-aging research. Studies collagen synthesis, wound healing, and antioxidant gene expression modulation.",https://peakpeptidessolutions.com/products/ghk-basic,https://peakpeptidessolutions.com/images/products/ghk-basic.jpg,198.00 USD,158.00 USD,in_stock,new,Peak Peptides Solutions,Health > Health Care,Anti-Aging,no,Anti-Aging
chonluten,Chonluten,A lung and bronchial tissue bioregulator tripeptide used in respiratory aging research. Studies peptide regulation of bronchial epithelial cell function and pulmonary tissue homeostasis.,https://peakpeptidessolutions.com/products/chonluten,https://peakpeptidessolutions.com/images/products/chonluten.jpg,168.00 USD,128.00 USD,in_stock,new,Peak Peptides Solutions,Health > Health Care,Other Research Peptides,no,Other Research Peptides
cartalax,Cartalax,"A cartilage bioregulator tetrapeptide used in joint tissue aging and regeneration research. Studies chondrocyte differentiation, ECM synthesis, and musculoskeletal peptide bioregulation.",https://peakpeptidessolutions.com/products/cartalax,https://peakpeptidessolutions.com/images/products/cartalax.jpg,198.00 USD,158.00 USD,in_stock,new,Peak Peptides Solutions,Health > Health Care,Other Research Peptides,no,Other Research Peptides
cardiogen,Cardiogen,"A cardiac muscle bioregulator tetrapeptide used in myocardial aging research. Studies cardiomyocyte gene expression, cardiac tissue homeostasis, and organ-specific peptide bioregulation.",https://peakpeptidessolutions.com/products/cardiogen,https://peakpeptidessolutions.com/images/products/cardiogen.jpg,198.00 USD,158.00 USD,in_stock,new,Peak Peptides Solutions,Health > Health Care,Other Research Peptides,no,Other Research Peptides
aicar,AICAR,"5-Aminoimidazole-4-carboxamide ribonucleotide, an AMPK activator. Used in metabolic regulation, mitochondrial biogenesis, and cellular energy pathway research.",https://peakpeptidessolutions.com/products/aicar,https://peakpeptidessolutions.com/images/products/aicar.jpg,198.00 USD,158.00 USD,in_stock,new,Peak Peptides Solutions,Health > Health Care,Other Research Peptides,no,Other Research Peptides
abp-7,ABP-7,"An antimicrobial and antibiofilm peptide used in innate immunity research. Studies bacterial membrane disruption, biofilm inhibition, and host defense peptide mechanisms.",https://peakpeptidessolutions.com/products/abp-7,https://peakpeptidessolutions.com/images/products/abp-7.jpg,198.00 USD,158.00 USD,in_stock,new,Peak Peptides Solutions,Health > Health Care,Immune Support,no,Immune Support
adrenomedullin-11-50-rat,"Adrenomedullin (11-50), rat","Rat adrenomedullin fragment (11-50) used in cardiovascular and vasodilatory research. Studies CGRP receptor activation, blood pressure regulation, and angiogenic signaling pathways.",https://peakpeptidessolutions.com/products/adrenomedullin-11-50-rat,https://peakpeptidessolutions.com/images/products/adrenomedullin1-50-rat.jpg,1885.00 USD,1845.00 USD,in_stock,new,Peak Peptides Solutions,Health > Health Care,Other Research Peptides,no,Other Research Peptides
adrenomedullin-13-52-human,"Adrenomedullin (13-52), human","Human adrenomedullin fragment (13-52) used in vascular biology research. Studies receptor binding, endothelial cell function, and cardiovascular peptide signaling mechanisms.",https://peakpeptidessolutions.com/products/adrenomedullin-13-52-human,https://peakpeptidessolutions.com/images/products/adrenomedullin3-52-human.jpg,1885.00 USD,1845.00 USD,in_stock,new,Peak Peptides Solutions,Health > Health Care,Other Research Peptides,no,Other Research Peptides
adrenomedullin-16-31-human-pig,"Adrenomedullin (16-31), human, pig",Human/porcine adrenomedullin fragment (16-31) used in receptor specificity and vasopeptide research. Studies partial sequence binding and cardiovascular regulatory mechanisms.,https://peakpeptidessolutions.com/products/adrenomedullin-16-31-human-pig,https://peakpeptidessolutions.com/images/products/adrenomedullin6-31-human-pig.jpg,385.00 USD,345.00 USD,in_stock,new,Peak Peptides Solutions,Health > Health Care,Other Research Peptides,no,Other Research Peptides
adrenomedullin-22-52-human,"Adrenomedullin (22-52), human","Human adrenomedullin fragment (22-52) used in vasoactive peptide research. Studies CGRP family receptor activation, endothelial signaling, and blood pressure regulation pathways.",https://peakpeptidessolutions.com/products/adrenomedullin-22-52-human,https://peakpeptidessolutions.com/images/products/adrenomedullin-22-52-human.jpg,1285.00 USD,1245.00 USD,in_stock,new,Peak Peptides Solutions,Health > Health Care,Other Research Peptides,no,Other Research Peptides
pro-adrenomedullin-153-185-human,"Pro-Adrenomedullin (153-185), human","Human pro-adrenomedullin fragment (153-185) used in precursor peptide research. Studies adrenomedullin biosynthesis, processing, and cardiovascular regulatory signaling pathways.",https://peakpeptidessolutions.com/products/pro-adrenomedullin-153-185-human,https://peakpeptidessolutions.com/images/products/pro-adrenomedullin5385-human.jpg,1285.00 USD,1245.00 USD,in_stock,new,Peak Peptides Solutions,Health > Health Care,Other Research Peptides,no,Other Research Peptides
pro-adrenomedullin-45-92-human,"Pro-Adrenomedullin (45-92), human",Human pro-adrenomedullin fragment (45-92) used in cardiovascular peptide research. Studies mid-regional pro-adrenomedullin (MR-proADM) signaling and biomarker applications.,https://peakpeptidessolutions.com/products/pro-adrenomedullin-45-92-human,https://peakpeptidessolutions.com/images/products/pro-adrenomedullin5-92-human.jpg,1885.00 USD,1845.00 USD,in_stock,new,Peak Peptides Solutions,Health > Health Care,Other Research Peptides,no,Other Research Peptides
pro-adrenomedullin-n-20-human,"Pro-Adrenomedullin (N-20), human","Human N-terminal pro-adrenomedullin (N-20) used in cardiovascular biomarker research. Studies vasodilatory signaling, blood pressure regulation, and PAMP receptor activation pathways.",https://peakpeptidessolutions.com/products/pro-adrenomedullin-n-20-human,https://peakpeptidessolutions.com/images/products/pro-adrenomedullin-n-20-human4.jpg,785.00 USD,745.00 USD,in_stock,new,Peak Peptides Solutions,Health > Health Care,Other Research Peptides,no,Other Research Peptides
pro-adrenomedullin-n-20-porcine,"Pro-Adrenomedullin (N-20), porcine",Porcine N-terminal pro-adrenomedullin (N-20) used in comparative cardiovascular research. Studies interspecies PAMP signaling and vasoactive peptide receptor mechanisms.,https://peakpeptidessolutions.com/products/pro-adrenomedullin-n-20-porcine,https://peakpeptidessolutions.com/images/products/pro-adrenomedullin-n-20-porcine.jpg,785.00 USD,745.00 USD,in_stock,new,Peak Peptides Solutions,Health > Health Care,Other Research Peptides,no,Other Research Peptides
pro-adrenomedullin-n-20-rat,"Pro-Adrenomedullin (N-20), rat",Rat N-terminal pro-adrenomedullin (N-20) used in rodent cardiovascular research. Studies vasodilatory and antihypertensive signaling mechanisms via PAMP receptor pathways.,https://peakpeptidessolutions.com/products/pro-adrenomedullin-n-20-rat,https://peakpeptidessolutions.com/images/products/pro-adrenomedullin-n-20-ratx.jpg,785.00 USD,745.00 USD,in_stock,new,Peak Peptides Solutions,Health > Health Care,Other Research Peptides,no,Other Research Peptides
proadrenomedullin-n-terminal-20-peptide-human-9-20,"Proadrenomedullin N-terminal 20 Peptide (Human, 9-20)",Human proadrenomedullin N-terminal 20 peptide fragment (9-20) used in PAMP receptor binding research. Studies partial sequence activity and vasodilatory signaling specificity.,https://peakpeptidessolutions.com/products/proadrenomedullin-n-terminal-20-peptide-human-9-20,https://peakpeptidessolutions.com/images/products/proadrenomedullin-n-terminal-20.jpg,495.00 USD,455.00 USD,in_stock,new,Peak Peptides Solutions,Health > Health Care,Other Research Peptides,no,Other Research Peptides
d-lys16-acth-1-24,"(D-Lys16)-ACTH (1-24), human, bovine, mouse, ovine, porcine, rabbit, rat","D-Lys16 substituted ACTH (1-24) analog used in melanocortin receptor research. Studies MC2R binding selectivity, adrenal cortex stimulation, and steroidogenesis pathway mechanisms.",https://peakpeptidessolutions.com/products/d-lys16-acth-1-24,https://peakpeptidessolutions.com/images/products/d-lys16-acth-24-human-bovine-m.jpg,985.00 USD,945.00 USD,in_stock,new,Peak Peptides Solutions,Health > Health Care,Other Research Peptides,no,Other Research Peptides
dser1-acth-1-24,"(DSer1)-ACTH (1-24), human, bovine, mouse, ovine, porcine, rabbit, rat",D-Ser1 substituted ACTH (1-24) analog used in conformational and receptor binding research. Studies N-terminal D-amino acid effects on melanocortin receptor activation and stability.,https://peakpeptidessolutions.com/products/dser1-acth-1-24,https://peakpeptidessolutions.com/images/products/dser1-acth-24-human-bovine-mou.jpg,985.00 USD,945.00 USD,in_stock,new,Peak Peptides Solutions,Health > Health Care,Other Research Peptides,no,Other Research Peptides
p-iodo-phe7-acth-4-10,(p-Iodo-Phe7)-ACTH (4-10),Para-iodo-phenylalanine7 substituted ACTH (4-10) used in melanocortin receptor photoaffinity labeling research. Studies receptor binding sites and ACTH–MC receptor interaction mechanisms.,https://peakpeptidessolutions.com/products/p-iodo-phe7-acth-4-10,https://peakpeptidessolutions.com/images/products/p-iodo-phe7-acth0.jpg,495.00 USD,455.00 USD,in_stock,new,Peak Peptides Solutions,Health > Health Care,Other Research Peptides,no,Other Research Peptides
tyr15-acth-7-15,(Tyr15)-ACTH (7-15),Tyrosine-15 substituted ACTH fragment (7-15) used in radiolabeling and receptor binding research. Studies melanocortin receptor activation and ACTH minimal active sequence mechanisms.,https://peakpeptidessolutions.com/products/tyr15-acth-7-15,https://peakpeptidessolutions.com/images/products/tyr15-acth-75.jpg,495.00 USD,455.00 USD,in_stock,new,Peak Peptides Solutions,Health > Health Care,Other Research Peptides,no,Other Research Peptides
acth-1-14,ACTH (1-14),"N-terminal ACTH fragment (1-14) used in minimal steroidogenic sequence research. Studies adrenal cortex stimulation, MC2R binding, and partial agonist activity mechanisms.",https://peakpeptidessolutions.com/products/acth-1-14,https://peakpeptidessolutions.com/images/products/acth4.jpg,585.00 USD,545.00 USD,in_stock,new,Peak Peptides Solutions,Health > Health Care,Other Research Peptides,no,Other Research Peptides
acth-1-16-human,"ACTH (1-16), human","Human ACTH fragment (1-16) used in melanocortin receptor binding research. Studies partial agonist pharmacology, adrenal stimulation, and ACTH fragment structure–activity relationships.",https://peakpeptidessolutions.com/products/acth-1-16-human,https://peakpeptidessolutions.com/images/products/acth6-human.jpg,585.00 USD,545.00 USD,in_stock,new,Peak Peptides Solutions,Health > Health Care,Other Research Peptides,no,Other Research Peptides
acth-1-17-human,"ACTH (1-17), human","Human ACTH fragment (1-17) used in partial agonist and receptor selectivity research. Studies MC2R and MC4R pharmacology, adrenal stimulation, and ACTH analog activity.",https://peakpeptidessolutions.com/products/acth-1-17-human,https://peakpeptidessolutions.com/images/products/acth7-human.jpg,495.00 USD,455.00 USD,in_stock,new,Peak Peptides Solutions,Health > Health Care,Other Research Peptides,no,Other Research Peptides
acth-1-39-guinea-pig,"ACTH (1-39), guinea pig","Full-length guinea pig ACTH (1-39) used in comparative endocrinology research. Studies species-specific melanocortin receptor binding, steroidogenesis, and adrenal cortex activation.",https://peakpeptidessolutions.com/products/acth-1-39-guinea-pig,https://peakpeptidessolutions.com/images/products/acth-39-guinea-pig.jpg,1885.00 USD,1845.00 USD,in_stock,new,Peak Peptides Solutions,Health > Health Care,Other Research Peptides,no,Other Research Peptides
acth-1-39-human-corticotropin,"ACTH (1-39), human;Corticotropin","Full-length human ACTH (1-39), also known as Corticotropin. A 39-amino acid pituitary hormone central to the HPA axis, stimulating adrenal cortisol and aldosterone synthesis for stress-response and adrenal research.",https://peakpeptidessolutions.com/products/acth-1-39-human-corticotropin,https://peakpeptidessolutions.com/images/products/acth-39-humancorticotropin.jpg,495.00 USD,455.00 USD,in_stock,new,Peak Peptides Solutions,Health > Health Care,Other Research Peptides,no,Other Research Peptides
acth-1-39-mouse-rat,"ACTH (1-39) (Mouse, Rat)","Full-length mouse/rat ACTH (1-39). Used in rodent HPA axis studies, adrenocortical function assays, and comparative peptide-receptor binding research with melanocortin receptors.",https://peakpeptidessolutions.com/products/acth-1-39-mouse-rat,https://peakpeptidessolutions.com/images/products/acth-39-mouse-rat.jpg,495.00 USD,455.00 USD,in_stock,new,Peak Peptides Solutions,Health > Health Care,Other Research Peptides,no,Other Research Peptides
acth-1-4,ACTH (1-4),N-terminal tetrapeptide fragment of ACTH. Used in receptor binding assays to define the minimal active sequence of ACTH responsible for steroidogenic activity.,https://peakpeptidessolutions.com/products/acth-1-4,https://peakpeptidessolutions.com/images/products/acth.jpg,395.00 USD,355.00 USD,in_stock,new,Peak Peptides Solutions,Health > Health Care,Other Research Peptides,no,Other Research Peptides
acth-11-24,ACTH (11-24),Mid-region fragment of ACTH (11-24). Used to investigate receptor specificity and the structural requirements for melanocortin receptor activation independent of the N-terminal message sequence.,https://peakpeptidessolutions.com/products/acth-11-24,https://peakpeptidessolutions.com/images/products/acth1-24.jpg,385.00 USD,345.00 USD,in_stock,new,Peak Peptides Solutions,Health > Health Care,Other Research Peptides,no,Other Research Peptides
acth-12-39-rat,"ACTH (12-39), rat",C-terminal-region rat ACTH fragment (12-39). Useful in studies distinguishing N-terminal steroidogenic activity from C-terminal address sequence contributions in adrenal receptor pharmacology.,https://peakpeptidessolutions.com/products/acth-12-39-rat,https://peakpeptidessolutions.com/images/products/acth2-39-rat.jpg,985.00 USD,945.00 USD,in_stock,new,Peak Peptides Solutions,Health > Health Care,Other Research Peptides,no,Other Research Peptides
acth-18-39-human,"ACTH (18-39), human","C-terminal human ACTH fragment (18-39). Studied for its role in the address/binding domain of ACTH, receptor occupancy without steroidogenic activation, and structural analyses.",https://peakpeptidessolutions.com/products/acth-18-39-human,https://peakpeptidessolutions.com/images/products/acth8-39-human.jpg,285.00 USD,245.00 USD,in_stock,new,Peak Peptides Solutions,Health > Health Care,Other Research Peptides,no,Other Research Peptides
acth-22-39,ACTH (22-39),Far C-terminal ACTH fragment (22-39). Used in structure-activity studies to probe the role of the C-terminal address sequence in melanocortin receptor binding and selectivity.,https://peakpeptidessolutions.com/products/acth-22-39,https://peakpeptidessolutions.com/images/products/acth-22-39.jpg,285.00 USD,245.00 USD,in_stock,new,Peak Peptides Solutions,Health > Health Care,Other Research Peptides,no,Other Research Peptides
acth-3-24,"ACTH (3-24) (human, bovine, mouse, ovine, porcine, rabbit, rat)","Multi-species ACTH (3-24) fragment, sequence conserved across human, bovine, mouse, ovine, porcine, rabbit, and rat. Used in comparative studies of melanocortin receptor activation and adrenal steroidogenesis.",https://peakpeptidessolutions.com/products/acth-3-24,https://peakpeptidessolutions.com/images/products/acth-3-24-human-bovine-mouse-ovi.jpg,885.00 USD,845.00 USD,in_stock,new,Peak Peptides Solutions,Health > Health Care,Other Research Peptides,no,Other Research Peptides
acth-34-39,ACTH (34-39),Short C-terminal ACTH hexapeptide (34-39). Investigated for its contribution to ACTH's C-terminal address domain and interactions with accessory binding sites on adrenocortical receptors.,https://peakpeptidessolutions.com/products/acth-34-39,https://peakpeptidessolutions.com/images/products/acth-34-39.jpg,385.00 USD,345.00 USD,in_stock,new,Peak Peptides Solutions,Health > Health Care,Other Research Peptides,no,Other Research Peptides
acth-4-10-human,"ACTH (4-10), human","Human ACTH heptapeptide (4-10), the core melanocortin message sequence. Widely used in neuropharmacology research for cognitive, behavioural, and neuroprotective peptide studies.",https://peakpeptidessolutions.com/products/acth-4-10-human,https://peakpeptidessolutions.com/images/products/acth0-human.jpg,385.00 USD,345.00 USD,in_stock,new,Peak Peptides Solutions,Health > Health Care,Other Research Peptides,no,Other Research Peptides
acth-4-11-human,"ACTH (4-11), human",Extended melanocortin message octapeptide ACTH (4-11). Studied for enhanced receptor binding compared to ACTH (4-10) and used in SAR analyses of the ACTH core active sequence.,https://peakpeptidessolutions.com/products/acth-4-11-human,https://peakpeptidessolutions.com/images/products/acth1-human.jpg,385.00 USD,345.00 USD,in_stock,new,Peak Peptides Solutions,Health > Health Care,Other Research Peptides,no,Other Research Peptides
acth-4-9,ACTH (4-9),"Hexapeptide ACTH (4-9), the minimal active melanocortin sequence. Used in neuropharmacology and memory research to define the smallest ACTH fragment retaining neurobiological effects.",https://peakpeptidessolutions.com/products/acth-4-9,https://peakpeptidessolutions.com/images/products/acth-9.jpg,395.00 USD,355.00 USD,in_stock,new,Peak Peptides Solutions,Health > Health Care,Other Research Peptides,no,Other Research Peptides
acth-5-10,ACTH (5-10),ACTH hexapeptide fragment (5-10). Used in comparative SAR studies alongside ACTH (4-9) and (4-10) to map N-terminal residue contributions to melanocortin receptor binding.,https://peakpeptidessolutions.com/products/acth-5-10,https://peakpeptidessolutions.com/images/products/acth-50.jpg,395.00 USD,355.00 USD,in_stock,new,Peak Peptides Solutions,Health > Health Care,Other Research Peptides,no,Other Research Peptides
acth-6-24-human,"ACTH (6-24), human",Human ACTH fragment (6-24) spanning the message-address boundary. Useful in studies of melanocortin receptor binding specificity and the structural role of the N-terminal residues.,https://peakpeptidessolutions.com/products/acth-6-24-human,https://peakpeptidessolutions.com/images/products/acth-6-24-human.jpg,495.00 USD,455.00 USD,in_stock,new,Peak Peptides Solutions,Health > Health Care,Other Research Peptides,no,Other Research Peptides
acth-7-38-human,"ACTH (7-38), human","Human ACTH (7-38), a long fragment used as a competitive antagonist in melanocortin receptor research. Retains address-domain binding while lacking full agonist steroidogenic activity.",https://peakpeptidessolutions.com/products/acth-7-38-human,https://peakpeptidessolutions.com/images/products/acth-7-38-human.jpg,495.00 USD,455.00 USD,in_stock,new,Peak Peptides Solutions,Health > Health Care,Other Research Peptides,no,Other Research Peptides
biotin-acth-1-39-human,"Biotin-ACTH (1-39), Human","Biotinylated full-length human ACTH (1-39). Used in affinity-based assays, pull-down experiments, and ELISA development for high-sensitivity detection of ACTH-receptor interactions.",https://peakpeptidessolutions.com/products/biotin-acth-1-39-human,https://peakpeptidessolutions.com/images/products/biotin-acth-39-human.jpg,1885.00 USD,1845.00 USD,in_stock,new,Peak Peptides Solutions,Health > Health Care,Other Research Peptides,no,Other Research Peptides
corticostatin-human,"Corticostatin, human","Human corticostatin, a defensin-like antimicrobial peptide that inhibits ACTH-stimulated cortisol secretion. Used in immunology, adrenal research, and host-defence peptide studies.",https://peakpeptidessolutions.com/products/corticostatin-human,https://peakpeptidessolutions.com/images/products/corticostatin-human.jpg,5885.00 USD,5845.00 USD,in_stock,new,Peak Peptides Solutions,Health > Health Care,Immune Support,no,Immune Support
corticostatin-rabbit,"Corticostatin, rabbit","Rabbit corticostatin, a defensin-related peptide with antimicrobial and ACTH-antagonist properties. Used in comparative immunology and adrenocortical inhibition research.",https://peakpeptidessolutions.com/products/corticostatin-rabbit,https://peakpeptidessolutions.com/images/products/corticostatin-rabbit.jpg,5885.00 USD,5845.00 USD,in_stock,new,Peak Peptides Solutions,Health > Health Care,Immune Support,no,Immune Support
n-acetyl-acth-1-17-human,"N-Acetyl, ACTH (1-17), human","N-terminally acetylated human ACTH (1-17). Used in SAR studies examining how N-terminal modification affects melanocortin receptor binding, proteolytic stability, and steroidogenic potency.",https://peakpeptidessolutions.com/products/n-acetyl-acth-1-17-human,https://peakpeptidessolutions.com/images/products/n-acetyl-acth7-human.jpg,885.00 USD,845.00 USD,in_stock,new,Peak Peptides Solutions,Health > Health Care,Other Research Peptides,no,Other Research Peptides
tyr-acth-4-10,Tyr-ACTH (4-10),Tyrosine-extended ACTH (4-10) analog. The N-terminal Tyr enables radioiodination for receptor-binding assays and tracer studies of melanocortin receptor pharmacology.,https://peakpeptidessolutions.com/products/tyr-acth-4-10,https://peakpeptidessolutions.com/images/products/tyr-acth0.jpg,395.00 USD,355.00 USD,in_stock,new,Peak Peptides Solutions,Health > Health Care,Other Research Peptides,no,Other Research Peptides
tyr-acth-4-9,Tyr-ACTH (4-9),"Tyrosine-extended ACTH (4-9), the minimal melanocortin sequence with an added Tyr for radiolabelling. Enables quantitative receptor-binding and autoradiography studies.",https://peakpeptidessolutions.com/products/tyr-acth-4-9,https://peakpeptidessolutions.com/images/products/tyr-acth-9.jpg,395.00 USD,355.00 USD,in_stock,new,Peak Peptides Solutions,Health > Health Care,Other Research Peptides,no,Other Research Peptides
phe2nle4-acth-1-24-human,"[Phe2,Nle4] ACTH (1-24), human",Synthetic ACTH (1-24) analog with Phe2 and Nle4 substitutions enhancing metabolic stability and receptor selectivity. Used in mechanistic studies of melanocortin receptor activation.,https://peakpeptidessolutions.com/products/phe2nle4-acth-1-24-human,https://peakpeptidessolutions.com/images/products/phe2nle4-acth-24-human.jpg,885.00 USD,845.00 USD,in_stock,new,Peak Peptides Solutions,Health > Health Care,Other Research Peptides,no,Other Research Peptides
defensin-human-hnp-2,Defensin (human) HNP-2,"Human neutrophil peptide 2 (HNP-2), an α-defensin with broad-spectrum antimicrobial and immunomodulatory activity. Used in host-defence, innate immunity, and antimicrobial peptide research.",https://peakpeptidessolutions.com/products/defensin-human-hnp-2,https://peakpeptidessolutions.com/images/products/defensin-human-hnp-2.jpg,4885.00 USD,4845.00 USD,in_stock,new,Peak Peptides Solutions,Health > Health Care,Immune Support,no,Immune Support
allatostatin-i,Allatostatin I,"Allatostatin I, a neuropeptide from the cockroach Periplaneta americana. Used in invertebrate neuroendocrinology to study juvenile hormone biosynthesis inhibition and insect neuropeptide receptor pharmacology.",https://peakpeptidessolutions.com/products/allatostatin-i,https://peakpeptidessolutions.com/images/products/allatostatin-i.jpg,495.00 USD,455.00 USD,in_stock,new,Peak Peptides Solutions,Health > Health Care,Other Research Peptides,no,Other Research Peptides
allatostatin-ii,Allatostatin II,"Allatostatin II, an insect neuropeptide from Periplaneta americana. Used in invertebrate neuroendocrinology research to study juvenile hormone inhibition and myoinhibitory peptide receptor pharmacology.",https://peakpeptidessolutions.com/products/allatostatin-ii,https://peakpeptidessolutions.com/images/products/allatostatin-ii.jpg,395.00 USD,355.00 USD,in_stock,new,Peak Peptides Solutions,Health > Health Care,Other Research Peptides,no,Other Research Peptides
allatostatin-iii,Allatostatin III,"Allatostatin III, a cockroach neuropeptide used in comparative neuroendocrinology. Studied for inhibitory effects on juvenile hormone biosynthesis and insect corpus allatum function.",https://peakpeptidessolutions.com/products/allatostatin-iii,https://peakpeptidessolutions.com/images/products/allatostatin-iii.jpg,395.00 USD,355.00 USD,in_stock,new,Peak Peptides Solutions,Health > Health Care,Other Research Peptides,no,Other Research Peptides
allatostatin-iv,Allatostatin IV,"Allatostatin IV, an insect neuropeptide used in invertebrate endocrinology. Studied for its role in inhibiting juvenile hormone synthesis and in insect neuropeptide receptor binding assays.",https://peakpeptidessolutions.com/products/allatostatin-iv,https://peakpeptidessolutions.com/images/products/allatostatin-iv.jpg,268.00 USD,228.00 USD,in_stock,new,Peak Peptides Solutions,Health > Health Care,Other Research Peptides,no,Other Research Peptides
agouti-related-protein-agrp-83-132-amide-human,Agouti-related Protein (AGRP) (83-132) Amide (human),"Human AGRP (83-132) C-terminal amide, the bioactive fragment of agouti-related protein. A potent inverse agonist at melanocortin MC3R/MC4R used in appetite regulation and energy homeostasis research.",https://peakpeptidessolutions.com/products/agouti-related-protein-agrp-83-132-amide-human,https://peakpeptidessolutions.com/images/products/agouti-related-protein-agrp83.jpg,985.00 USD,945.00 USD,in_stock,new,Peak Peptides Solutions,Health > Health Care,Other Research Peptides,no,Other Research Peptides
adipokinetic-hormone-taa-akh,Adipokinetic Hormone (Taa-AKH),"Taa-AKH, the adipokinetic hormone of the locust Trikinesia autumnalis. Used in insect endocrinology research to study lipid mobilisation, flight muscle energy metabolism, and AKH receptor pharmacology.",https://peakpeptidessolutions.com/products/adipokinetic-hormone-taa-akh,https://peakpeptidessolutions.com/images/products/adipokinetic-hormone-taa-akh.jpg,395.00 USD,355.00 USD,in_stock,new,Peak Peptides Solutions,Health > Health Care,Other Research Peptides,no,Other Research Peptides
adipokinetic-hormone-g,Adipokinetic Hormone G,"Adipokinetic Hormone G, an insect neuropeptide involved in lipid and carbohydrate mobilisation during flight. Used in comparative endocrinology and AKH receptor binding studies.",https://peakpeptidessolutions.com/products/adipokinetic-hormone-g,https://peakpeptidessolutions.com/images/products/adipokinetic-hormone-g.jpg,395.00 USD,355.00 USD,in_stock,new,Peak Peptides Solutions,Health > Health Care,Other Research Peptides,no,Other Research Peptides
adipokinetic-hormone-ii,Adipokinetic Hormone II,"Adipokinetic Hormone II, a locust neuropeptide used in insect energy metabolism research. Studies lipid mobilisation pathways, hyperlipaemic responses, and AKH receptor selectivity.",https://peakpeptidessolutions.com/products/adipokinetic-hormone-ii,https://peakpeptidessolutions.com/images/products/adipokinetic-hormone-ii.jpg,395.00 USD,355.00 USD,in_stock,new,Peak Peptides Solutions,Health > Health Care,Other Research Peptides,no,Other Research Peptides
tyr1-adipokinetic-hormone-locust,"[Tyr1] Adipokinetic Hormone, locust",Tyrosine-substituted locust AKH analog. The Tyr1 modification enables radioiodination for quantitative receptor-binding assays and autoradiography in insect neuroendocrinology research.,https://peakpeptidessolutions.com/products/tyr1-adipokinetic-hormone-locust,https://peakpeptidessolutions.com/images/products/tyr1-adipokinetic-hormone-locust.jpg,395.00 USD,355.00 USD,in_stock,new,Peak Peptides Solutions,Health > Health Care,Other Research Peptides,no,Other Research Peptides
adipokinetic-hormone,Adipokinetic Hormone,"Adipokinetic Hormone (AKH), the primary locust neuropeptide for lipid and carbohydrate mobilisation during flight. Used as a reference standard in insect endocrinology and metabolic research.",https://peakpeptidessolutions.com/products/adipokinetic-hormone,https://peakpeptidessolutions.com/images/products/adipokinetic-hormone.jpg,395.00 USD,355.00 USD,in_stock,new,Peak Peptides Solutions,Health > Health Care,Other Research Peptides,no,Other Research Peptides
teprotide,TEPROTIDE,"Teprotide (SQ 20,881), a nonapeptide ACE inhibitor derived from Brazilian pit viper venom. Used in cardiovascular research as a bradykinin potentiator and prototype for ACE inhibitor drug development.",https://peakpeptidessolutions.com/products/teprotide,https://peakpeptidessolutions.com/images/products/teprotide.jpg,395.00 USD,355.00 USD,in_stock,new,Peak Peptides Solutions,Health > Health Care,Other Research Peptides,no,Other Research Peptides
bradykinin-potentiator-b,Bradykinin potentiator B,"Bradykinin potentiator B (BPP-b), a proline-rich peptide from snake venom. Used in cardiovascular pharmacology to study ACE inhibition, bradykinin potentiation, and kinin-mediated vasodilation.",https://peakpeptidessolutions.com/products/bradykinin-potentiator-b,https://peakpeptidessolutions.com/images/products/bradykinin-potentiator-b.jpg,395.00 USD,355.00 USD,in_stock,new,Peak Peptides Solutions,Health > Health Care,Other Research Peptides,no,Other Research Peptides
bradykinin-potentiator-c,Bradykinin potentiator C,"Bradykinin potentiator C (BPP-c), a snake venom-derived ACE inhibitor peptide. Used in research on angiotensin-converting enzyme inhibition, bradykinin signalling, and antihypertensive peptide mechanisms.",https://peakpeptidessolutions.com/products/bradykinin-potentiator-c,https://peakpeptidessolutions.com/images/products/bradykinin-potentiator-c.jpg,385.00 USD,345.00 USD,in_stock,new,Peak Peptides Solutions,Health > Health Care,Other Research Peptides,no,Other Research Peptides
angiotensin-i-converting-enzyme-inhibitor,Angiotensin I Converting Enzyme Inhibitor,"Angiotensin I converting enzyme (ACE) inhibitor peptide. Used in cardiovascular pharmacology research to study ACE inhibition mechanisms, antihypertensive peptide activity, and renin-angiotensin system modulation.",https://peakpeptidessolutions.com/products/angiotensin-i-converting-enzyme-inhibitor,https://peakpeptidessolutions.com/images/products/angiotensin-I-converting-enzyme.jpg,295.00 USD,255.00 USD,in_stock,new,Peak Peptides Solutions,Health > Health Care,Other Research Peptides,no,Other Research Peptides
devd2-r110,[(DEVD)2-R110],"Bis-DEVD rhodamine 110 fluorogenic substrate for caspase-3 and caspase-7. Releases highly fluorescent R110 upon cleavage, enabling sensitive quantitative apoptosis and protease activity assays.",https://peakpeptidessolutions.com/products/devd2-r110,https://peakpeptidessolutions.com/images/products/devd2-r110.jpg,2995.00 USD,2955.00 USD,in_stock,new,Peak Peptides Solutions,Health > Health Care,Other Research Peptides,no,Other Research Peptides
mca-yvadapkdnp,[Mca-YVADAPK(Dnp)],FRET-based fluorogenic caspase-1 substrate (Mca-YVADAPK(Dnp)). Used for continuous fluorometric measurement of ICE/caspase-1 activity in apoptosis and inflammasome research.,https://peakpeptidessolutions.com/products/mca-yvadapkdnp,https://peakpeptidessolutions.com/images/products/mca-yvadapkdnp.jpg,1485.00 USD,1445.00 USD,in_stock,new,Peak Peptides Solutions,Health > Health Care,Other Research Peptides,no,Other Research Peptides
matrixyl-acetate,Matrixyl Acetate,Matrixyl Acetate (Palmitoyl Pentapeptide-4 acetate salt form). Used in anti-aging skin research to study collagen and fibronectin synthesis stimulation and extracellular matrix remodelling.,https://peakpeptidessolutions.com/products/matrixyl-acetate,https://peakpeptidessolutions.com/images/products/matrixyl-acetate.jpg,198.00 USD,158.00 USD,in_stock,new,Peak Peptides Solutions,Health > Health Care,Cosmetic Peptides,no,Cosmetic Peptides
lipopeptide,Lipopeptide,"Research-grade lipopeptide for cosmetic and dermatological studies. Used to investigate lipid-peptide conjugate activity on skin barrier function, collagen stimulation, and peptide transdermal delivery.",https://peakpeptidessolutions.com/products/lipopeptide,https://peakpeptidessolutions.com/images/products/lipopeptide.jpg,198.00 USD,158.00 USD,in_stock,new,Peak Peptides Solutions,Health > Health Care,Cosmetic Peptides,no,Cosmetic Peptides
tegopep,Tegopep,"Tegopep, a cosmetic peptide used in skin research for its moisturising and barrier-strengthening properties. Studied for effects on aquaporin expression and stratum corneum hydration.",https://peakpeptidessolutions.com/products/tegopep,https://peakpeptidessolutions.com/images/products/tegopep.jpg,285.00 USD,245.00 USD,in_stock,new,Peak Peptides Solutions,Health > Health Care,Cosmetic Peptides,no,Cosmetic Peptides
palmitoyl-tetrapeptide-7,Palmitoyl Tetrapeptide-7,"Palmitoyl Tetrapeptide-7 (GQPR), a lipopeptide that reduces IL-6 and other pro-inflammatory cytokines. Used in anti-aging and skin inflammation research to study immunomodulatory peptide activity.",https://peakpeptidessolutions.com/products/palmitoyl-tetrapeptide-7,https://peakpeptidessolutions.com/images/products/palmitoyl-tetrapeptide-7.jpg,198.00 USD,158.00 USD,in_stock,new,Peak Peptides Solutions,Health > Health Care,Cosmetic Peptides,no,Cosmetic Peptides
leuphasyl,Leuphasyl,"Leuphasyl (Pentapeptide-18), an enkephalin-mimetic cosmetic peptide. Used in skin research for its expression-line relaxing activity through opioid receptor modulation and neurotransmitter inhibition.",https://peakpeptidessolutions.com/products/leuphasyl,https://peakpeptidessolutions.com/images/products/leuphasyl.jpg,285.00 USD,245.00 USD,in_stock,new,Peak Peptides Solutions,Health > Health Care,Cosmetic Peptides,no,Cosmetic Peptides
decapeptide-12-lumixyl,Decapeptide-12/Lumixyl,"Decapeptide-12 (Lumixyl), a skin-brightening peptide that inhibits tyrosinase activity. Used in hyperpigmentation and melanogenesis research as a safer alternative to hydroquinone.",https://peakpeptidessolutions.com/products/decapeptide-12-lumixyl,https://peakpeptidessolutions.com/images/products/decapeptide2-lumixyl.jpg,285.00 USD,245.00 USD,in_stock,new,Peak Peptides Solutions,Health > Health Care,Cosmetic Peptides,no,Cosmetic Peptides
syn-ake,SYN-AKE/Dipeptide diaminobutyroyl benzylamide diacetate,"SYN-AKE (Dipeptide diaminobutyroyl benzylamide diacetate), a synthetic analog of waglerin-1 snake venom peptide. Used in anti-wrinkle research to study neuromuscular junction modulation and expression-line reduction.",https://peakpeptidessolutions.com/products/syn-ake,https://peakpeptidessolutions.com/images/products/syn-ake-dipeptide-diaminobutyroy.jpg,198.00 USD,158.00 USD,in_stock,new,Peak Peptides Solutions,Health > Health Care,Cosmetic Peptides,no,Cosmetic Peptides
l-carnosine,L-Carnosine,"A naturally occurring dipeptide (beta-alanine + histidine) with antioxidant and anti-glycation properties, studied in aging, neuroprotection, and cellular longevity research.",https://peakpeptidessolutions.com/products/l-carnosine,https://peakpeptidessolutions.com/images/products/l-carnosine.jpg,198.00 USD,158.00 USD,in_stock,new,Peak Peptides Solutions,Health > Health Care,Anti-Aging,no,Anti-Aging
acetyl-tetrapeptide-5-eyeseryl,Acetyl Tetrapeptide-5/Eyeseryl,"Cosmetic tetrapeptide targeting periorbital puffiness and dark circles. Studied for anti-edema, drainage-stimulating, and skin-firming activity around the eye contour.",https://peakpeptidessolutions.com/products/acetyl-tetrapeptide-5-eyeseryl,https://peakpeptidessolutions.com/images/products/acetyl-tetrapeptide-5-eyeseryl.jpg,248.00 USD,208.00 USD,in_stock,new,Peak Peptides Solutions,Health > Health Care,Cosmetic Peptides,no,Cosmetic Peptides
acetyl-tetrapeptide-3,Acetyl Tetrapeptide-3,A biomimetic hair growth peptide signaling molecule. Studied for stimulating extracellular matrix proteins and follicular cell proliferation in alopecia research.,https://peakpeptidessolutions.com/products/acetyl-tetrapeptide-3,https://peakpeptidessolutions.com/images/products/acetyl-tetrapeptide-3.jpg,265.00 USD,225.00 USD,in_stock,new,Peak Peptides Solutions,Health > Health Care,Cosmetic Peptides,no,Cosmetic Peptides
biotinoyl-tripeptide-1,Biotinoyl Tripeptide-1,"A biotinylated tripeptide used in hair and scalp research, studied for reinforcing follicle anchor structures and promoting anchoring proteins in the scalp.",https://peakpeptidessolutions.com/products/biotinoyl-tripeptide-1,https://peakpeptidessolutions.com/images/products/biotinoyl-tripeptide.jpg,248.00 USD,208.00 USD,in_stock,new,Peak Peptides Solutions,Health > Health Care,Cosmetic Peptides,no,Cosmetic Peptides
s-methyl-2-s-4-methyl-2-s-2-2-morpholinoacetamido-4-phenylbutanamido-pentanamido-3-phenylpropanoate,(S)-methyl 2-((S)-4-methyl-2-((S)-2-(2-morpholinoacetamido)-4-phenylbutanamido)pentanamido)-3-phenylpropanoate,"A synthetic peptide intermediate used in pharmaceutical synthesis, particularly in the production of proteasome inhibitor precursors and carfilzomib-related compounds.",https://peakpeptidessolutions.com/products/s-methyl-2-s-4-methyl-2-s-2-2-morpholinoacetamido-4-phenylbutanamido-pentanamido-3-phenylpropanoate,https://peakpeptidessolutions.com/images/products/s-methyl-2-s-methyl-2-s-2-2-mo.jpg,158.00 USD,118.00 USD,in_stock,new,Peak Peptides Solutions,Health > Health Care,Other Research Peptides,no,Other Research Peptides
carfilzomib-intermediate-1,Carfilzomib intermediate-1,"A synthetic intermediate in the carfilzomib synthesis pathway, used in cancer research and pharmaceutical chemistry studies on proteasome inhibitor production.",https://peakpeptidessolutions.com/products/carfilzomib-intermediate-1,https://peakpeptidessolutions.com/images/products/carfilzomib-intermediate.jpg,158.00 USD,118.00 USD,in_stock,new,Peak Peptides Solutions,Health > Health Care,Other Research Peptides,no,Other Research Peptides
fmoc-glu-otbu-gly-oh,Fmoc-glu(otbu)-gly-OH,Fmoc-protected Glu(OtBu)-Gly dipeptide building block used in solid-phase peptide synthesis (SPPS) for research peptide production.,https://peakpeptidessolutions.com/products/fmoc-glu-otbu-gly-oh,https://peakpeptidessolutions.com/images/products/fmoc-gluotbu-gly-oh.jpg,285.00 USD,245.00 USD,in_stock,new,Peak Peptides Solutions,Health > Health Care,Other Research Peptides,no,Other Research Peptides
benzyloxycarbonyl-l-phenylalanylglycylglycine,((Benzyloxy)carbonyl)-L-phenylalanylglycylglycine,A Cbz-protected tripeptide building block used in synthetic peptide chemistry and protease substrate research.,https://peakpeptidessolutions.com/products/benzyloxycarbonyl-l-phenylalanylglycylglycine,https://peakpeptidessolutions.com/images/products/benzyloxycarbonyl-l-phenylalanyl.jpg,380.00 USD,340.00 USD,in_stock,new,Peak Peptides Solutions,Health > Health Care,Other Research Peptides,no,Other Research Peptides
fmoc-aib-aib-oh,Fmoc-Aib-Aib-OH,Fmoc-protected alpha-aminoisobutyric acid dipeptide used in SPPS for synthesis of helix-promoting peptides and conformationally constrained peptide research.,https://peakpeptidessolutions.com/products/fmoc-aib-aib-oh,https://peakpeptidessolutions.com/images/products/fmoc-aib-aib-oh.jpg,380.00 USD,340.00 USD,in_stock,new,Peak Peptides Solutions,Health > Health Care,Other Research Peptides,no,Other Research Peptides
gly-his-lys-acetate-salt,Gly-his-lys acetate salt,"Tripeptide component of the GHK copper-binding peptide complex. Studied for tissue repair signaling, collagen synthesis, and anti-aging skin remodeling applications.",https://peakpeptidessolutions.com/products/gly-his-lys-acetate-salt,https://peakpeptidessolutions.com/images/products/gly-his-lys-acetate-salt.jpg,198.00 USD,158.00 USD,in_stock,new,Peak Peptides Solutions,Health > Health Care,Anti-Aging,no,Anti-Aging
r-tert-butyl-2-2-benzyloxycarbonylamino-2-phenylacetamido-acetate,(R)-tert-butyl 2-(2-(benzyloxycarbonylamino)-2-phenylacetamido)acetate,"A protected peptide intermediate for pharmaceutical synthesis, used in the production of peptidomimetic compounds and carfilzomib precursor research.",https://peakpeptidessolutions.com/products/r-tert-butyl-2-2-benzyloxycarbonylamino-2-phenylacetamido-acetate,https://peakpeptidessolutions.com/images/products/r-tert-butyl-2-2-benzyloxycarbon.jpg,198.00 USD,158.00 USD,in_stock,new,Peak Peptides Solutions,Health > Health Care,Other Research Peptides,no,Other Research Peptides
n-tert-butoxycarbonyl-l-leucyl-l-phenylalanine-methyl-ester,N-tert-Butoxycarbonyl-L-leucyl-L-phenylalanine methyl ester,A Boc-protected dipeptide methyl ester used as a synthetic intermediate in peptide chemistry and pharmaceutical research on proteasome inhibitors.,https://peakpeptidessolutions.com/products/n-tert-butoxycarbonyl-l-leucyl-l-phenylalanine-methyl-ester,https://peakpeptidessolutions.com/images/products/n-tert-butoxycarbonyl-l-leucyl-l.jpg,380.00 USD,340.00 USD,in_stock,new,Peak Peptides Solutions,Health > Health Care,Other Research Peptides,no,Other Research Peptides
r-2-r-2-amino-3-1h-indol-3-yl-propanamido-3-1h-indol-3-yl-propanoic-acid,(R)-2-((R)-2-Amino-3-(1H-indol-3-yl)propanamido)-3-(1H-indol-3-yl)propanoic acid,A tryptophan-containing dipeptide intermediate used in pharmaceutical synthesis and proteasome inhibitor research involving indole-containing peptide structures.,https://peakpeptidessolutions.com/products/r-2-r-2-amino-3-1h-indol-3-yl-propanamido-3-1h-indol-3-yl-propanoic-acid,https://peakpeptidessolutions.com/images/products/r-2-r-2-amino-3h-indol-3-ylpro.jpg,365.00 USD,325.00 USD,in_stock,new,Peak Peptides Solutions,Health > Health Care,Other Research Peptides,no,Other Research Peptides
tert-butoxycarbonyl-l-phenylalanylglycylglycine,((Tert-butoxycarbonyl)-L-phenylalanylglycylglycine,A Boc-protected tripeptide building block used in synthetic peptide chemistry and research applications on cathepsin substrate analogues.,https://peakpeptidessolutions.com/products/tert-butoxycarbonyl-l-phenylalanylglycylglycine,https://peakpeptidessolutions.com/images/products/tert-butoxycarbonyl-l-phenylalan.jpg,198.00 USD,158.00 USD,in_stock,new,Peak Peptides Solutions,Health > Health Care,Other Research Peptides,no,Other Research Peptides
h-tyr-tyr-oh,H-Tyr-Tyr-OH,"A tyrosine dipeptide used in peptide chemistry research, studied for antioxidant activity and as a synthetic building block in peptidomimetic chemistry.",https://peakpeptidessolutions.com/products/h-tyr-tyr-oh,https://peakpeptidessolutions.com/images/products/h-tyr-tyr-oh.jpg,285.00 USD,245.00 USD,in_stock,new,Peak Peptides Solutions,Health > Health Care,Other Research Peptides,no,Other Research Peptides
l-isoleucyl-l-isoleucine,L-isoleucyl-L-isoleucine,A hydrophobic dipeptide of two isoleucine residues used in biochemical research and as a building block in SPPS and branched-chain amino acid studies.,https://peakpeptidessolutions.com/products/l-isoleucyl-l-isoleucine,https://peakpeptidessolutions.com/images/products/l-isoleucyl-l-isoleucine.jpg,285.00 USD,245.00 USD,in_stock,new,Peak Peptides Solutions,Health > Health Care,Other Research Peptides,no,Other Research Peptides
methyl-glycylglycylglycinate-hydrochloride,Methyl glycylglycylglycinate (hydrochloride),A methylated triglycine ester hydrochloride salt used in synthetic chemistry research and as a model compound for studying peptide backbone reactivity.,https://peakpeptidessolutions.com/products/methyl-glycylglycylglycinate-hydrochloride,https://peakpeptidessolutions.com/images/products/methyl-glycylglycylglycinate-hyd.jpg,198.00 USD,158.00 USD,in_stock,new,Peak Peptides Solutions,Health > Health Care,Other Research Peptides,no,Other Research Peptides
l-leucyl-l-alanine,L-Leucyl-L-alanine,"A leucine-alanine dipeptide used in biochemical research, protein stability studies, and as a reference compound for peptide transport investigations.",https://peakpeptidessolutions.com/products/l-leucyl-l-alanine,https://peakpeptidessolutions.com/images/products/l-leucyl-l-alanine.jpg,245.00 USD,205.00 USD,in_stock,new,Peak Peptides Solutions,Health > Health Care,Other Research Peptides,no,Other Research Peptides
d-ala-d-ala,D-Ala-D-Ala,"A D-amino acid dipeptide used in research on bacterial cell wall synthesis, peptidoglycan structure, vancomycin binding, and antibiotic target studies.",https://peakpeptidessolutions.com/products/d-ala-d-ala,https://peakpeptidessolutions.com/images/products/d-ala-d-ala.jpg,285.00 USD,245.00 USD,in_stock,new,Peak Peptides Solutions,Health > Health Care,Other Research Peptides,no,Other Research Peptides
s-benzyl-2-s-2-s-2-amino-4-phenylbutanamido-4-methylpentanamido-3-phenylpropanoate-222-trifluoroacetate,"(S)-benzyl 2-((S)-2-((S)-2-amino-4-phenylbutanamido)-4-methylpentanamido)-3-phenylpropanoate 2,2,2-trifluoroacetate",A protected peptide ester TFA salt used as a carfilzomib synthetic intermediate in proteasome inhibitor chemistry and pharmaceutical research.,https://peakpeptidessolutions.com/products/s-benzyl-2-s-2-s-2-amino-4-phenylbutanamido-4-methylpentanamido-3-phenylpropanoate-222-trifluoroacetate,https://peakpeptidessolutions.com/images/products/s-benzyl-2-s-2-s-2-amino-pheny.jpg,158.00 USD,118.00 USD,in_stock,new,Peak Peptides Solutions,Health > Health Care,Other Research Peptides,no,Other Research Peptides
s-11-benzyl-1-9h-fluoren-9-yl-361215-pentaoxo-2-oxa-47101316-pentaazaoctadecan-18-oic-acid,"(S)-11-Benzyl-1-(9H-fluoren-9-yl)-3,6,9,12,15-pentaoxo-2-oxa-4,7,10,13,16-pentaazaoctadecan-18-oic acid",A complex Fmoc-protected pentapeptide intermediate used in solid-phase peptide synthesis workflows for assembling protected peptide chains.,https://peakpeptidessolutions.com/products/s-11-benzyl-1-9h-fluoren-9-yl-361215-pentaoxo-2-oxa-47101316-pentaazaoctadecan-18-oic-acid,https://peakpeptidessolutions.com/images/products/s1-benzyl-9h-fluoren-9-yl-36.jpg,380.00 USD,340.00 USD,in_stock,new,Peak Peptides Solutions,Health > Health Care,Other Research Peptides,no,Other Research Peptides
fmoc-gly-gly-d-phe-otbu,Fmoc-Gly-Gly-D-Phe-OtBu,"Fmoc-protected tripeptide building block containing D-phenylalanine, used in stereoselective SPPS research and synthesis of D-amino acid containing peptides.",https://peakpeptidessolutions.com/products/fmoc-gly-gly-d-phe-otbu,https://peakpeptidessolutions.com/images/products/fmoc-gly-gly-d-phe-otbu.jpg,7000.00 USD,6960.00 USD,in_stock,new,Peak Peptides Solutions,Health > Health Care,Other Research Peptides,no,Other Research Peptides
methyl-3-r-2-amino-3-r-1-4-nitrobenzyloxy-1-oxohexan-2-ylamino-3-oxopropyl-1h-indole-1-carboxylate-hydrochloride,Methyl 3-((R)-2-amino-3-(((R)-1-((4-nitrobenzyl)oxy)-1-oxohexan-2-yl)amino)-3-oxopropyl)-1H-indole-1-carboxylate hydrochloride,"A complex synthetic intermediate containing an indole moiety, used in HIV protease inhibitor synthesis research and pharmaceutical chemistry studies.",https://peakpeptidessolutions.com/products/methyl-3-r-2-amino-3-r-1-4-nitrobenzyloxy-1-oxohexan-2-ylamino-3-oxopropyl-1h-indole-1-carboxylate-hydrochloride,https://peakpeptidessolutions.com/images/products/methyl-3-r-2-amino-3-r-nitro.jpg,450.00 USD,410.00 USD,in_stock,new,Peak Peptides Solutions,Health > Health Care,Other Research Peptides,no,Other Research Peptides
mc-gly-gly-phe-gly,MC-Gly-Gly-Phe-Gly,A maleimide-caproyl (MC) linker tetrapeptide used in antibody-drug conjugate (ADC) research and site-specific bioconjugation chemistry development.,https://peakpeptidessolutions.com/products/mc-gly-gly-phe-gly,https://peakpeptidessolutions.com/images/products/mc-gly-gly-phe-gly.jpg,150.00 USD,110.00 USD,in_stock,new,Peak Peptides Solutions,Health > Health Care,Other Research Peptides,no,Other Research Peptides
r-2-s-2-9h-fluoren-9-ylmethoxycarbonylamino-propanamido-3-tert-butoxycarbonylaminopropanoic-acid,(R)-2-((S)-2-((((9H-Fluoren-9-yl)methoxy)carbonyl)amino)propanamido)-3-((tert-butoxycarbonyl)amino)propanoic acid,"Fmoc-protected dipeptide intermediate with tert-butoxycarbonyl amino group, used in SPPS for synthesis of complex research peptides and peptidomimetics.",https://peakpeptidessolutions.com/products/r-2-s-2-9h-fluoren-9-ylmethoxycarbonylamino-propanamido-3-tert-butoxycarbonylaminopropanoic-acid,https://peakpeptidessolutions.com/images/products/r-2-S-2-9H-fluoren-9-ylmethoxyca.jpg,985.00 USD,945.00 USD,in_stock,new,Peak Peptides Solutions,Health > Health Care,Other Research Peptides,no,Other Research Peptides
benzyl-l-leucyl-l-phenylalaninate-tfa,Benzyl L-leucyl-L-phenylalaninate (TFA),"A benzyl ester-protected Leu-Phe dipeptide TFA salt, used as a carfilzomib synthesis intermediate and in proteasome inhibitor pharmaceutical research.",https://peakpeptidessolutions.com/products/benzyl-l-leucyl-l-phenylalaninate-tfa,https://peakpeptidessolutions.com/images/products/benzyl-l-leucyl-l-phenylalaninat.jpg,188.00 USD,148.00 USD,in_stock,new,Peak Peptides Solutions,Health > Health Care,Other Research Peptides,no,Other Research Peptides
benzyl-tert-butoxycarbonyl-l-leucyl-l-phenylalaninate,benzyl (tert-Butoxycarbonyl)-L-leucyl-L-phenylalaninate,Boc-protected dipeptide benzyl ester intermediate used in the synthesis of proteasome inhibitors and related therapeutic peptide research.,https://peakpeptidessolutions.com/products/benzyl-tert-butoxycarbonyl-l-leucyl-l-phenylalaninate,https://peakpeptidessolutions.com/images/products/benzyl-tert-Butoxycarbonyl-L-leu.jpg,400.00 USD,360.00 USD,in_stock,new,Peak Peptides Solutions,Health > Health Care,Other Research Peptides,no,Other Research Peptides
d-phenylalanine-n-n-11-dimethylethoxycarbonyl-d-leucyl-phenylmethyl-ester,"D-Phenylalanine, N-[N-[(1,1-dimethylethoxy)carbonyl]-D-leucyl]-, phenylmethyl ester",Boc-protected D-Leu-D-Phe dipeptide phenylmethyl ester intermediate used in pharmaceutical synthesis and D-amino acid peptidomimetic research.,https://peakpeptidessolutions.com/products/d-phenylalanine-n-n-11-dimethylethoxycarbonyl-d-leucyl-phenylmethyl-ester,https://peakpeptidessolutions.com/images/products/d-phenylalanine-n-n1-dimethyle.jpg,600.00 USD,560.00 USD,in_stock,new,Peak Peptides Solutions,Health > Health Care,Other Research Peptides,no,Other Research Peptides
d-phenylalanine-n-n-11-dimethylethoxycarbonyl-l-leucyl-phenylmethyl-ester,"D-Phenylalanine, N-[N-[(1,1-dimethylethoxy)carbonyl]-L-leucyl]-, phenylmethyl ester",Boc-protected L-Leu-D-Phe diastereomeric dipeptide ester used in studying stereo-selectivity in peptide synthesis and pharmaceutical intermediate chemistry.,https://peakpeptidessolutions.com/products/d-phenylalanine-n-n-11-dimethylethoxycarbonyl-l-leucyl-phenylmethyl-ester,https://peakpeptidessolutions.com/images/products/d-phenylalanine-n-n1-dimethyle (1).jpg,588.00 USD,548.00 USD,in_stock,new,Peak Peptides Solutions,Health > Health Care,Other Research Peptides,no,Other Research Peptides
l-phenylalanine-n-n-11-dimethylethoxycarbonyl-d-leucyl-phenylmethyl-ester,"L-Phenylalanine, N-[N-[(1,1-dimethylethoxy)carbonyl]-D-leucyl]-, phenylmethyl ester",A Boc-protected D-Leu-L-Phe diastereomeric dipeptide ester used in stereochemical studies and pharmaceutical intermediate synthesis research.,https://peakpeptidessolutions.com/products/l-phenylalanine-n-n-11-dimethylethoxycarbonyl-d-leucyl-phenylmethyl-ester,https://peakpeptidessolutions.com/images/products/l-phenylalanine-n-n1-dimethyle.jpg,288.00 USD,248.00 USD,in_stock,new,Peak Peptides Solutions,Health > Health Care,Other Research Peptides,no,Other Research Peptides
2-2-amino-2-4-hydroxyphenylacetamido-carboxy-methyl-55-dimethylthiazolidine-4-carboxylic-acid-sodium-salt-amoxicillin-impurity,"2-((2-Amino-2-(4-hydroxyphenyl)acetamido)(carboxy)methyl)-5,5-dimethylthiazolidine-4-carboxylic acid, sodium salt (Amoxicillin Impurity)","A known degradation product and synthetic impurity of amoxicillin, used as a reference standard in pharmaceutical quality control and antibiotic stability research.",https://peakpeptidessolutions.com/products/2-2-amino-2-4-hydroxyphenylacetamido-carboxy-methyl-55-dimethylthiazolidine-4-carboxylic-acid-sodium-salt-amoxicillin-impurity,https://peakpeptidessolutions.com/images/products/2-2-amino-2-hydroxyphenylaceta.jpg,885.00 USD,845.00 USD,in_stock,new,Peak Peptides Solutions,Health > Health Care,Other Research Peptides,no,Other Research Peptides
tert-butoxycarbonylglycylglycylglycylglycylglycine,[(tert-Butoxycarbonyl)glycylglycylglycylglycylglycine,"Boc-protected pentaglycine used in research on polyglycine secondary structure, bioconjugation linker studies, and SPPS methodology development.",https://peakpeptidessolutions.com/products/tert-butoxycarbonylglycylglycylglycylglycylglycine,https://peakpeptidessolutions.com/images/products/tert-butoxycarbonylglycylglycylg.jpg,485.00 USD,445.00 USD,in_stock,new,Peak Peptides Solutions,Health > Health Care,Other Research Peptides,no,Other Research Peptides
s-2-s-2-amino-3-1h-indol-3-ylpropanamido-4-trimethylsilyl-butanoic-acid-hydrochloride,[(S)-2-((S)-2-Amino-3-(1H-indol-3-yl)propanamido)-4-(trimethylsilyl)butanoic acid hydrochloride,A trimethylsilyl-protected tryptophan-containing dipeptide intermediate used in synthetic chemistry research and complex peptide assembly studies.,https://peakpeptidessolutions.com/products/s-2-s-2-amino-3-1h-indol-3-ylpropanamido-4-trimethylsilyl-butanoic-acid-hydrochloride,https://peakpeptidessolutions.com/images/products/s-2-s-2-amino-3h-indol-3-ylpro.jpg,4485.00 USD,4445.00 USD,in_stock,new,Peak Peptides Solutions,Health > Health Care,Other Research Peptides,no,Other Research Peptides
2s-methyl-2-2-cyclohexyl-2-pyrazine-2-carboxamidoacetamido-33-dimethylbutanoate,"[(2S)-Methyl 2-(2-cyclohexyl-2-(pyrazine-2-carboxamido)acetamido)-3,3-dimethylbutanoate","A cyclohexyl-pyrazine dipeptide ester in the boceprevir synthesis pathway, used in HCV NS3 protease inhibitor chemistry research.",https://peakpeptidessolutions.com/products/2s-methyl-2-2-cyclohexyl-2-pyrazine-2-carboxamidoacetamido-33-dimethylbutanoate,https://peakpeptidessolutions.com/images/products/2s-methyl-2-2-cyclohexyl-2-pyraz.jpg,188.00 USD,148.00 USD,in_stock,new,Peak Peptides Solutions,Health > Health Care,Other Research Peptides,no,Other Research Peptides
s-methyl-2-r-2-cyclohexyl-2-pyrazine-2-carboxamidoacetamido-33-dimethylbutanoate,"(S)-methyl 2-((R)-2-cyclohexyl-2-(pyrazine-2-carboxamido)acetamido)-3,3-dimethylbutanoate",A diastereomeric boceprevir intermediate used in hepatitis C virus NS3/4A serine protease inhibitor synthesis and stereochemistry studies.,https://peakpeptidessolutions.com/products/s-methyl-2-r-2-cyclohexyl-2-pyrazine-2-carboxamidoacetamido-33-dimethylbutanoate,https://peakpeptidessolutions.com/images/products/s-methyl-2-r-2-cyclohexyl-2-pyra.jpg,385.00 USD,345.00 USD,in_stock,new,Peak Peptides Solutions,Health > Health Care,Other Research Peptides,no,Other Research Peptides
r-methyl-2-r-2-cyclohexyl-2-pyrazine-2-carboxamidoacetamido-33-dimethylbutanoate,"(R)-methyl 2-((R)-2-cyclohexyl-2-(pyrazine-2-carboxamido)acetamido)-3,3-dimethylbutanoate","An R,R-diastereomer of the boceprevir synthetic pathway, used in pharmaceutical research on NS3 serine protease inhibitors and HCV treatment.",https://peakpeptidessolutions.com/products/r-methyl-2-r-2-cyclohexyl-2-pyrazine-2-carboxamidoacetamido-33-dimethylbutanoate,https://peakpeptidessolutions.com/images/products/r-methyl-2-r-2-cyclohexyl-2-pyra.jpg,688.00 USD,648.00 USD,in_stock,new,Peak Peptides Solutions,Health > Health Care,Other Research Peptides,no,Other Research Peptides
n-11-dimethylethoxycarbonyl-2-methylalanyl-l-tryptophan,"N-[(1,1-Dimethylethoxy)carbonyl]-2-methylalanyl-L-tryptophan",A Boc-Aib-Trp protected dipeptide used in synthetic chemistry research involving alpha-helix-promoting peptide segments and tryptophan-containing peptidomimetics.,https://peakpeptidessolutions.com/products/n-11-dimethylethoxycarbonyl-2-methylalanyl-l-tryptophan,https://peakpeptidessolutions.com/images/products/n1-dimethylethoxycarbonyl-2-me.jpg,385.00 USD,345.00 USD,in_stock,new,Peak Peptides Solutions,Health > Health Care,Other Research Peptides,no,Other Research Peptides
9h-fluoren-9-ylmethoxycarbonyl-l-alanyl-d-alanine,(((9H-Fluoren-9-yl)methoxy)carbonyl)-L-alanyl-D-alanine,Fmoc-L-Ala-D-Ala dipeptide used in bacterial cell wall synthesis research and as a stereospecific SPPS building block for D-amino acid containing peptides.,https://peakpeptidessolutions.com/products/9h-fluoren-9-ylmethoxycarbonyl-l-alanyl-d-alanine,https://peakpeptidessolutions.com/images/products/9h-fluoren-9-ylmethoxycarbonyl-L.jpg,485.00 USD,445.00 USD,in_stock,new,Peak Peptides Solutions,Health > Health Care,Other Research Peptides,no,Other Research Peptides
mc-val-ala-oh,MC-Val-Ala-OH,A maleimide-caproyl (MC) linker dipeptide used in antibody-drug conjugate (ADC) synthesis and site-specific thiol bioconjugation research.,https://peakpeptidessolutions.com/products/mc-val-ala-oh,https://peakpeptidessolutions.com/images/products/mc-val-ala-oh.jpg,285.00 USD,245.00 USD,in_stock,new,Peak Peptides Solutions,Health > Health Care,Other Research Peptides,no,Other Research Peptides
r-2-r-2-cyclohexyl-2-pyrazine-2-carboxamidoacetamido-33-dimethylbutanoic-acid,"(R)-2-((R)-2-cyclohexyl-2-(pyrazine-2-carboxamido)acetamido)-3,3-dimethylbutanoic acid","An R,R boceprevir carboxylic acid intermediate used in HCV NS3/4A protease inhibitor research and pharmaceutical synthesis pathway studies.",https://peakpeptidessolutions.com/products/r-2-r-2-cyclohexyl-2-pyrazine-2-carboxamidoacetamido-33-dimethylbutanoic-acid,https://peakpeptidessolutions.com/images/products/r-2-r-2-cyclohexyl-2-pyrazine-2.jpg,4000.00 USD,3960.00 USD,in_stock,new,Peak Peptides Solutions,Health > Health Care,Other Research Peptides,no,Other Research Peptides
s-2-r-2-cyclohexyl-2-pyrazine-2-carboxamidoacetamido-33-dimethylbutanoic-acid,"(S)-2-((R)-2-cyclohexyl-2-(pyrazine-2-carboxamido)acetamido)-3,3-dimethylbutanoic acid","An S,R diastereomeric boceprevir acid intermediate used in stereochemical studies and HCV NS3 serine protease inhibitor pharmaceutical synthesis.",https://peakpeptidessolutions.com/products/s-2-r-2-cyclohexyl-2-pyrazine-2-carboxamidoacetamido-33-dimethylbutanoic-acid,https://peakpeptidessolutions.com/images/products/s-2-r-2-cyclohexyl-2-pyrazine-2.jpg,240.00 USD,200.00 USD,in_stock,new,Peak Peptides Solutions,Health > Health Care,Other Research Peptides,no,Other Research Peptides
2s-2-cyclohexyl-n-2-pyrazinylcarbonylglycyl-3-methyl-d-valine,(2S)-2-Cyclohexyl-N-(2-pyrazinylcarbonyl)glycyl-3-methyl-D-valine,"A boceprevir synthesis precursor containing a pyrazine moiety, used in research on HCV NS3/4A serine protease inhibition mechanisms.",https://peakpeptidessolutions.com/products/2s-2-cyclohexyl-n-2-pyrazinylcarbonylglycyl-3-methyl-d-valine,https://peakpeptidessolutions.com/images/products/2s-2-cyclohexyl-n-2-pyrazinylcar.jpg,398.00 USD,358.00 USD,in_stock,new,Peak Peptides Solutions,Health > Health Care,Other Research Peptides,no,Other Research Peptides
gly-leu-tyr,Gly-Leu-Tyr,"A tripeptide containing glycine, leucine, and tyrosine used in biochemical research, enzyme substrate studies, and peptide conformation analysis.",https://peakpeptidessolutions.com/products/gly-leu-tyr,https://peakpeptidessolutions.com/images/products/gly-leu-tyr.jpg,198.00 USD,158.00 USD,in_stock,new,Peak Peptides Solutions,Health > Health Care,Other Research Peptides,no,Other Research Peptides
h-met-met-oh,H-Met-Met-OH,"A methionine dipeptide used in biochemical research on sulfur-containing peptides, oxidation sensitivity, and protein stability studies.",https://peakpeptidessolutions.com/products/h-met-met-oh,https://peakpeptidessolutions.com/images/products/h-met-met-oh.jpg,198.00 USD,158.00 USD,in_stock,new,Peak Peptides Solutions,Health > Health Care,Other Research Peptides,no,Other Research Peptides
leucyl-phenylalanine,Leucyl-phenylalanine,"A leucine-phenylalanine dipeptide used in research on peptide transport, taste perception, and as a building block in synthetic peptide chemistry.",https://peakpeptidessolutions.com/products/leucyl-phenylalanine,https://peakpeptidessolutions.com/images/products/leucyl-phenylalanine.jpg,198.00 USD,158.00 USD,in_stock,new,Peak Peptides Solutions,Health > Health Care,Other Research Peptides,no,Other Research Peptides
glycyl-d-glutamine,Glycyl-D-glutamine,A glycine-D-glutamine dipeptide used in stability research and stereochemical studies of glutamine-containing peptides and their biological properties.,https://peakpeptidessolutions.com/products/glycyl-d-glutamine,https://peakpeptidessolutions.com/images/products/glycyl-d-glutamine.jpg,365.00 USD,325.00 USD,in_stock,new,Peak Peptides Solutions,Health > Health Care,Other Research Peptides,no,Other Research Peptides
alarelin-acetate,ALARELIN ACETATE,A synthetic GnRH (LHRH) decapeptide analog used in reproductive endocrinology research for studying pituitary gonadotropin secretion regulation.,https://peakpeptidessolutions.com/products/alarelin-acetate,https://peakpeptidessolutions.com/images/products/alarelin-acetate.jpg,198.00 USD,158.00 USD,in_stock,new,Peak Peptides Solutions,Health > Health Care,Other Research Peptides,no,Other Research Peptides
iturelix,Iturelix,"A GnRH antagonist peptide used in reproductive endocrinology research, studied for acute gonadotropin suppression without the initial hormone flare seen with agonists.",https://peakpeptidessolutions.com/products/iturelix,https://peakpeptidessolutions.com/images/products/iturelix.jpg,1285.00 USD,1245.00 USD,in_stock,new,Peak Peptides Solutions,Health > Health Care,Other Research Peptides,no,Other Research Peptides
angiotensin-ii-5-valine,Angiotensin II 5-valine,A valine-5 variant of angiotensin II used in cardiovascular research to study renin-angiotensin system (RAS) receptor pharmacology and AT1/AT2 interactions.,https://peakpeptidessolutions.com/products/angiotensin-ii-5-valine,https://peakpeptidessolutions.com/images/products/angiotensin-ii-5-valine.jpg,198.00 USD,158.00 USD,in_stock,new,Peak Peptides Solutions,Health > Health Care,Other Research Peptides,no,Other Research Peptides
corticotropin-releasing-factor,Corticotropin Releasing Factor,"The 41-amino acid hypothalamic peptide hormone that stimulates ACTH release. Used in HPA axis research, stress response, and neuroendocrinology studies.",https://peakpeptidessolutions.com/products/corticotropin-releasing-factor,https://peakpeptidessolutions.com/images/products/corticotropin-releasing-factor.jpg,2498.00 USD,2458.00 USD,in_stock,new,Peak Peptides Solutions,Health > Health Care,Other Research Peptides,no,Other Research Peptides
eledoisin,ELEDOISIN,An undecapeptide tachykinin from octopus salivary gland used in neurological research for substance P receptor pharmacology and vasoactive peptide studies.,https://peakpeptidessolutions.com/products/eledoisin,https://peakpeptidessolutions.com/images/products/eledoisin.jpg,595.00 USD,555.00 USD,in_stock,new,Peak Peptides Solutions,Health > Health Care,Other Research Peptides,no,Other Research Peptides
argipressin,ARGIPRESSIN,"Synthetic arginine vasopressin (AVP) used in research on water homeostasis, antidiuretic function, and V1/V2 vasopressin receptor pharmacology.",https://peakpeptidessolutions.com/products/argipressin,https://peakpeptidessolutions.com/images/products/argipressin.jpg,398.00 USD,358.00 USD,in_stock,new,Peak Peptides Solutions,Health > Health Care,Other Research Peptides,no,Other Research Peptides
deslorelin,Deslorelin,A potent GnRH superagonist peptide analog used in reproductive research for studying pituitary desensitization and LH/FSH suppression mechanisms.,https://peakpeptidessolutions.com/products/deslorelin,https://peakpeptidessolutions.com/images/products/deslorelin.jpg,698.00 USD,658.00 USD,in_stock,new,Peak Peptides Solutions,Health > Health Care,Other Research Peptides,no,Other Research Peptides
desmopressin-diacetate,Desmopressin diacetate,"A synthetic analog of arginine vasopressin with enhanced antidiuretic activity, used in research on V2 receptor-mediated renal water reabsorption.",https://peakpeptidessolutions.com/products/desmopressin-diacetate,https://peakpeptidessolutions.com/images/products/desmopressin-diacetate.jpg,898.00 USD,858.00 USD,in_stock,new,Peak Peptides Solutions,Health > Health Care,Other Research Peptides,no,Other Research Peptides
fertirelin,Fertirelin,"A GnRH (LHRH) analog used in reproductive endocrinology research, studied for ovulation induction and luteinizing hormone surge mechanisms.",https://peakpeptidessolutions.com/products/fertirelin,https://peakpeptidessolutions.com/images/products/fertirelin.jpg,298.00 USD,258.00 USD,in_stock,new,Peak Peptides Solutions,Health > Health Care,Other Research Peptides,no,Other Research Peptides
eptifibatide-acetate,Eptifibatide Acetate,"A cyclic heptapeptide integrin antagonist targeting GPIIb/IIIa receptors, used in platelet aggregation research and cardiovascular pharmacology studies.",https://peakpeptidessolutions.com/products/eptifibatide-acetate,https://peakpeptidessolutions.com/images/products/eptifibatide-acetate.jpg,198.00 USD,158.00 USD,in_stock,new,Peak Peptides Solutions,Health > Health Care,Other Research Peptides,no,Other Research Peptides
glucagon,GLUCAGON,"The 29-amino acid pancreatic peptide hormone used in metabolic research to study glucose homeostasis, glycogenolysis, and glucagon receptor signaling.",https://peakpeptidessolutions.com/products/glucagon,https://peakpeptidessolutions.com/images/products/glucagon.jpg,1685.00 USD,1645.00 USD,in_stock,new,Peak Peptides Solutions,Health > Health Care,Other Research Peptides,no,Other Research Peptides
gonadorelin-diacetate,Gonadorelin diacetate,Synthetic GnRH (LHRH) used in reproductive endocrinology research for studying hypothalamic-pituitary axis function and gonadotropin secretion patterns.,https://peakpeptidessolutions.com/products/gonadorelin-diacetate,https://peakpeptidessolutions.com/images/products/gonadorelin-diacetate.jpg,485.00 USD,445.00 USD,in_stock,new,Peak Peptides Solutions,Health > Health Care,Other Research Peptides,no,Other Research Peptides
pralmorelin,Pralmorelin,A growth hormone-releasing peptide (GHRP-2) analog used in endocrinology research for studying pituitary GH secretion and ghrelin receptor activation.,https://peakpeptidessolutions.com/products/pralmorelin,https://peakpeptidessolutions.com/images/products/pralmorelin.jpg,128.00 USD,88.00 USD,in_stock,new,Peak Peptides Solutions,Health > Health Care,Growth Hormone Peptides,no,Growth Hormone Peptides
hexapeptide-2,Hexapeptide-2,"A cosmetic hexapeptide used in hair research, studied for stimulating hair follicle cells and promoting scalp health and hair density.",https://peakpeptidessolutions.com/products/hexapeptide-2,https://peakpeptidessolutions.com/images/products/hexapeptide-2.jpg,128.00 USD,88.00 USD,in_stock,new,Peak Peptides Solutions,Health > Health Care,Cosmetic Peptides,no,Cosmetic Peptides
hexarelin,Hexarelin,A potent GHRP hexapeptide used in endocrinology and cardiology research for studying GH secretagogue receptor activation and cardiac protection mechanisms.,https://peakpeptidessolutions.com/products/hexarelin,https://peakpeptidessolutions.com/images/products/hexarelin.jpg,288.00 USD,248.00 USD,in_stock,new,Peak Peptides Solutions,Health > Health Care,Growth Hormone Peptides,no,Growth Hormone Peptides
leuprorelin,Leuprorelin,A potent GnRH agonist nonapeptide used in oncology and reproductive research for studying hormone-dependent pathways and gonadotropin suppression mechanisms.,https://peakpeptidessolutions.com/products/leuprorelin,https://peakpeptidessolutions.com/images/products/leuprorelin.jpg,485.00 USD,445.00 USD,in_stock,new,Peak Peptides Solutions,Health > Health Care,Other Research Peptides,no,Other Research Peptides
lysipressin,Lysipressin,"A lysine vasopressin analog used in research on renal water retention, antidiuretic mechanisms, and species differences in vasopressin pharmacology.",https://peakpeptidessolutions.com/products/lysipressin,https://peakpeptidessolutions.com/images/products/lysipressin.jpg,585.00 USD,545.00 USD,in_stock,new,Peak Peptides Solutions,Health > Health Care,Other Research Peptides,no,Other Research Peptides
somatorelin,Somatorelin,Growth hormone-releasing hormone (GHRH) analog used in endocrinology research for studying pituitary GH release mechanisms and IGF-1 axis regulation.,https://peakpeptidessolutions.com/products/somatorelin,https://peakpeptidessolutions.com/images/products/somatorelin.jpg,3985.00 USD,3945.00 USD,in_stock,new,Peak Peptides Solutions,Health > Health Care,Growth Hormone Peptides,no,Growth Hormone Peptides
ocytocin,Ocytocin,"Synthetic oxytocin used in neuroendocrinology research for studying social bonding, maternal behavior, uterine contraction mechanisms, and neuropeptide signaling.",https://peakpeptidessolutions.com/products/ocytocin,https://peakpeptidessolutions.com/images/products/ocytocin.jpg,198.00 USD,158.00 USD,in_stock,new,Peak Peptides Solutions,Health > Health Care,Other Research Peptides,no,Other Research Peptides
ornipressine,Ornipressine,"A synthetic vasopressin analog with vasoconstrictor properties, used in pharmacological research on V1 receptor-mediated smooth muscle contraction.",https://peakpeptidessolutions.com/products/ornipressine,https://peakpeptidessolutions.com/images/products/ornipressine.jpg,295.00 USD,255.00 USD,in_stock,new,Peak Peptides Solutions,Health > Health Care,Other Research Peptides,no,Other Research Peptides
splenopentin-acetate,Splenopentin Acetate,"A pentapeptide from spleen with immunomodulatory properties, used in immunology research for studying T-cell differentiation and immune restoration.",https://peakpeptidessolutions.com/products/splenopentin-acetate,https://peakpeptidessolutions.com/images/products/splenopentin-acetate.jpg,195.00 USD,155.00 USD,in_stock,new,Peak Peptides Solutions,Health > Health Care,Immune Support,no,Immune Support
secretin,Secretin,"A 27-amino acid gastrointestinal hormone used in GI research to study pancreatic bicarbonate secretion, bile flow, and gut hormone signaling.",https://peakpeptidessolutions.com/products/secretin,https://peakpeptidessolutions.com/images/products/secretin.jpg,1785.00 USD,1745.00 USD,in_stock,new,Peak Peptides Solutions,Health > Health Care,Other Research Peptides,no,Other Research Peptides
sermorelin,SERMORELIN,"A 29-amino acid analog of endogenous GHRH used in research to study pituitary GH secretion, IGF-1 axis modulation, and somatotrope function.",https://peakpeptidessolutions.com/products/sermorelin,https://peakpeptidessolutions.com/images/products/sermorelin.jpg,995.00 USD,955.00 USD,in_stock,new,Peak Peptides Solutions,Health > Health Care,Growth Hormone Peptides,no,Growth Hormone Peptides
somatostatin,SOMATOSTATIN,"The 14-amino acid cyclic peptide that inhibits GH, insulin, and glucagon release, used in neuroendocrinology and GI research to study secretory inhibition.",https://peakpeptidessolutions.com/products/somatostatin,https://peakpeptidessolutions.com/images/products/somatostatin.jpg,238.00 USD,198.00 USD,in_stock,new,Peak Peptides Solutions,Health > Health Care,Other Research Peptides,no,Other Research Peptides
tetracosactide,Tetracosactide,"Synthetic ACTH(1-24) used in adrenocortical function research to study cortisol production, adrenal stimulation, and HPA axis responsiveness.",https://peakpeptidessolutions.com/products/tetracosactide,https://peakpeptidessolutions.com/images/products/tetracosactide.jpg,685.00 USD,645.00 USD,in_stock,new,Peak Peptides Solutions,Health > Health Care,Other Research Peptides,no,Other Research Peptides
vapreotide,Vapreotide,A somatostatin analog octapeptide used in neuroendocrinology research for studying somatostatin receptor subtype pharmacology and GH suppression mechanisms.,https://peakpeptidessolutions.com/products/vapreotide,https://peakpeptidessolutions.com/images/products/vapreotide.jpg,585.00 USD,545.00 USD,in_stock,new,Peak Peptides Solutions,Health > Health Care,Other Research Peptides,no,Other Research Peptides
triptorelin,TRIPTORELIN,A GnRH decapeptide agonist used in oncology and reproductive research for studying hormone-dependent tumor suppression and gonadotropin desensitization.,https://peakpeptidessolutions.com/products/triptorelin,https://peakpeptidessolutions.com/images/products/triptorelin.jpg,348.00 USD,308.00 USD,in_stock,new,Peak Peptides Solutions,Health > Health Care,Other Research Peptides,no,Other Research Peptides
leuprolide-acetate,Leuprolide Acetate,"A synthetic GnRH analog nonapeptide used in research on pituitary desensitization, sex hormone suppression, and hormone-sensitive cancer mechanisms.",https://peakpeptidessolutions.com/products/leuprolide-acetate,https://peakpeptidessolutions.com/images/products/leuprolide-acetate.jpg,188.00 USD,148.00 USD,in_stock,new,Peak Peptides Solutions,Health > Health Care,Other Research Peptides,no,Other Research Peptides
ceruletide,Ceruletide,"A decapeptide structurally related to cholecystokinin (CCK), used in GI research to study pancreatic enzyme secretion and gallbladder contraction.",https://peakpeptidessolutions.com/products/ceruletide,https://peakpeptidessolutions.com/images/products/ceruletide.jpg,488.00 USD,448.00 USD,in_stock,new,Peak Peptides Solutions,Health > Health Care,Other Research Peptides,no,Other Research Peptides
bulevirtide,Bulevirtide,"A synthetic lipopeptide derived from the HBV/HDV PreS1 region, used in research on NTCP-mediated viral entry inhibition and hepatitis treatment mechanisms.",https://peakpeptidessolutions.com/products/bulevirtide,https://peakpeptidessolutions.com/images/products/bulevirtide.jpg,698.00 USD,658.00 USD,in_stock,new,Peak Peptides Solutions,Health > Health Care,Other Research Peptides,no,Other Research Peptides
foxo4-dri,FOXO4-DRI,"A D-amino acid retro-inverso peptide designed to selectively induce apoptosis in p21-high senescent cells, used in senolytic and anti-aging research.",https://peakpeptidessolutions.com/products/foxo4-dri,https://peakpeptidessolutions.com/images/products/foxo4-dri.jpg,298.00 USD,258.00 USD,in_stock,new,Peak Peptides Solutions,Health > Health Care,Anti-Aging,no,Anti-Aging
bronchogen,Bronchogen,"A tetrapeptide bioregulator derived from bronchial tissue, used in respiratory research for studying local peptide regulation of lung function and airway health.",https://peakpeptidessolutions.com/products/bronchogen,https://peakpeptidessolutions.com/images/products/bronchogen.jpg,170.00 USD,130.00 USD,in_stock,new,Peak Peptides Solutions,Health > Health Care,Other Research Peptides,no,Other Research Peptides
ahk-cu,AHK-Cu,A tripeptide-copper complex (Ala-His-Lys-Cu2+) used in anti-aging and wound healing research for collagen synthesis and angiogenesis stimulation.,https://peakpeptidessolutions.com/products/ahk-cu,https://peakpeptidessolutions.com/images/products/ahk-cu.jpg,285.00 USD,245.00 USD,in_stock,new,Peak Peptides Solutions,Health > Health Care,Anti-Aging,no,Anti-Aging
adipotide,Adipotide,"A pro-apoptotic peptide that selectively targets vasculature in white adipose tissue, used in obesity research for studying targeted fat loss mechanisms.",https://peakpeptidessolutions.com/products/adipotide,https://peakpeptidessolutions.com/images/products/adipotide.jpg,285.00 USD,245.00 USD,in_stock,new,Peak Peptides Solutions,Health > Health Care,Fat Loss Research,no,Fat Loss Research
argireline,Argireline,"Acetyl hexapeptide-3, a botulinum toxin-like cosmetic peptide, used in neuromuscular research to study SNARE complex interference and expression line reduction.",https://peakpeptidessolutions.com/products/argireline,https://peakpeptidessolutions.com/images/products/argireline.jpg,285.00 USD,245.00 USD,in_stock,new,Peak Peptides Solutions,Health > Health Care,Cosmetic Peptides,no,Cosmetic Peptides
l-glutathione,L-Glutathione,"The tripeptide (gamma-Glu-Cys-Gly) antioxidant used in redox biology research to study cellular oxidative stress, detoxification, and immune function.",https://peakpeptidessolutions.com/products/l-glutathione,https://peakpeptidessolutions.com/images/products/l-glutathione.jpg,198.00 USD,158.00 USD,in_stock,new,Peak Peptides Solutions,Health > Health Care,Anti-Aging,no,Anti-Aging
nad-plus,NAD+,"Nicotinamide adenine dinucleotide, a coenzyme used in research on cellular energy metabolism, sirtuin activation, and NAD+ precursor supplementation effects.",https://peakpeptidessolutions.com/products/nad-plus,https://peakpeptidessolutions.com/images/products/nad.jpg,385.00 USD,345.00 USD,in_stock,new,Peak Peptides Solutions,Health > Health Care,Anti-Aging,no,Anti-Aging
retatrutide,Retatrutide,"A triple agonist of GIP, GLP-1, and glucagon receptors used in metabolic research to study combined incretin and glucagon signaling for weight management.",https://peakpeptidessolutions.com/products/retatrutide,https://peakpeptidessolutions.com/images/products/retatrutide.jpg,185.00 USD,145.00 USD,in_stock,new,Peak Peptides Solutions,Health > Health Care,GLP-1 Agonists,no,GLP-1 Agonists
nonapeptide-1,Nonapeptide-1,A synthetic nonapeptide used in cosmetic research for studying melanocyte-stimulating hormone (MSH) antagonism and skin whitening mechanisms.,https://peakpeptidessolutions.com/products/nonapeptide-1,https://peakpeptidessolutions.com/images/products/nonapeptide.jpg,198.00 USD,158.00 USD,in_stock,new,Peak Peptides Solutions,Health > Health Care,Cosmetic Peptides,no,Cosmetic Peptides
epithalon,Epithalon,"A synthetic tetrapeptide (Ala-Glu-Asp-Gly) bioregulator used in longevity research for studying telomerase activation, telomere lengthening, and circadian regulation.",https://peakpeptidessolutions.com/products/epithalon,https://peakpeptidessolutions.com/images/products/epithalon-jpg-3.jpg,158.00 USD,118.00 USD,in_stock,new,Peak Peptides Solutions,Health > Health Care,Anti-Aging,no,Anti-Aging
glp-1-7-37,GLP-1(7-37),The 31-amino acid active form of glucagon-like peptide-1 used in metabolic research to study GLP-1 receptor-mediated insulin secretion and appetite regulation.,https://peakpeptidessolutions.com/products/glp-1-7-37,https://peakpeptidessolutions.com/images/products/glp7-37.jpg,395.00 USD,355.00 USD,in_stock,new,Peak Peptides Solutions,Health > Health Care,GLP-1 Agonists,no,GLP-1 Agonists
apraglutide,Apraglutide,"A long-acting GLP-2 analog used in GI research to study intestinal growth factor activity, mucosal integrity, and short bowel syndrome treatment mechanisms.",https://peakpeptidessolutions.com/products/apraglutide,https://peakpeptidessolutions.com/images/products/apraglutide.jpg,445.00 USD,405.00 USD,in_stock,new,Peak Peptides Solutions,Health > Health Care,Other Research Peptides,no,Other Research Peptides
murepavadin,Murepavadin,"A cyclic peptide antibiotic targeting the LPS transport protein LptD, used in research on Pseudomonas aeruginosa outer membrane permeability and drug resistance.",https://peakpeptidessolutions.com/products/murepavadin,https://peakpeptidessolutions.com/images/products/murepavadin.jpg,480.00 USD,440.00 USD,in_stock,new,Peak Peptides Solutions,Health > Health Care,Immune Support,no,Immune Support
iseganan,Iseganan,"A synthetic peptide analog of protegrin, used in antimicrobial research for studying broad-spectrum bactericidal activity and membrane disruption mechanisms.",https://peakpeptidessolutions.com/products/iseganan,https://peakpeptidessolutions.com/images/products/iseganan.jpg,488.00 USD,448.00 USD,in_stock,new,Peak Peptides Solutions,Health > Health Care,Immune Support,no,Immune Support
peceleganan,Peceleganan,A synthetic antimicrobial peptide used in research on treatment-resistant wound infections and topical antibacterial membrane-active mechanisms.,https://peakpeptidessolutions.com/products/peceleganan,https://peakpeptidessolutions.com/images/products/peceleganan.jpg,288.00 USD,248.00 USD,in_stock,new,Peak Peptides Solutions,Health > Health Care,Immune Support,no,Immune Support
omiganan,Omiganan,An indolicidin-derived antimicrobial peptide used in research on fungal and bacterial membrane disruption and innate immunity enhancement.,https://peakpeptidessolutions.com/products/omiganan,https://peakpeptidessolutions.com/images/products/omiganan.jpg,258.00 USD,218.00 USD,in_stock,new,Peak Peptides Solutions,Health > Health Care,Immune Support,no,Immune Support
pexiganan,Pexiganan,A synthetic analog of magainin II used in antimicrobial research for studying diabetic foot infection treatment and membrane-active peptide mechanisms.,https://peakpeptidessolutions.com/products/pexiganan,https://peakpeptidessolutions.com/images/products/pexiganan.jpg,238.00 USD,198.00 USD,in_stock,new,Peak Peptides Solutions,Health > Health Care,Immune Support,no,Immune Support
valspodar,Valspodar,A cyclic undecapeptide P-glycoprotein inhibitor used in oncology research to study multidrug resistance reversal and ABC transporter pharmacology.,https://peakpeptidessolutions.com/products/valspodar,https://peakpeptidessolutions.com/images/products/valspodar.jpg,488.00 USD,448.00 USD,in_stock,new,Peak Peptides Solutions,Health > Health Care,Other Research Peptides,no,Other Research Peptides
taspoglutide,Taspoglutide,A once-weekly GLP-1 receptor agonist analog used in metabolic research for studying sustained incretin activity and diabetes/obesity treatment mechanisms.,https://peakpeptidessolutions.com/products/taspoglutide,https://peakpeptidessolutions.com/images/products/taspoglutide.jpg,488.00 USD,448.00 USD,in_stock,new,Peak Peptides Solutions,Health > Health Care,GLP-1 Agonists,no,GLP-1 Agonists
ularitide,Ularitide,A synthetic atrial natriuretic peptide (ANP) analog used in cardiovascular research for studying natriuretic peptide receptor signaling and cardiac unloading.,https://peakpeptidessolutions.com/products/ularitide,https://peakpeptidessolutions.com/images/products/ularitide.jpg,188.00 USD,148.00 USD,in_stock,new,Peak Peptides Solutions,Health > Health Care,Other Research Peptides,no,Other Research Peptides
rusfertide,Rusfertide,"A hepcidin mimetic peptide used in hematology research to study iron homeostasis regulation, ferroportin inhibition, and polycythemia vera mechanisms.",https://peakpeptidessolutions.com/products/rusfertide,https://peakpeptidessolutions.com/images/products/rusfertide.jpg,588.00 USD,548.00 USD,in_stock,new,Peak Peptides Solutions,Health > Health Care,Other Research Peptides,no,Other Research Peptides
paclitaxel-trevatide,Paclitaxel trevatide,"A peptide-paclitaxel conjugate using tumor-targeting sequences, used in oncology research for studying targeted drug delivery to cancer cells.",https://peakpeptidessolutions.com/products/paclitaxel-trevatide,https://peakpeptidessolutions.com/images/products/paclitaxel-trevatide.jpg,1985.00 USD,1945.00 USD,in_stock,new,Peak Peptides Solutions,Health > Health Care,Other Research Peptides,no,Other Research Peptides
adegramotide,Adegramotide,"A lipopeptide fragment used in neuroscience research for studying neuroprotection, Alzheimer's disease mechanisms, and tau phosphorylation pathways.",https://peakpeptidessolutions.com/products/adegramotide,https://peakpeptidessolutions.com/images/products/adegramotide.jpg,688.00 USD,648.00 USD,in_stock,new,Peak Peptides Solutions,Health > Health Care,Other Research Peptides,no,Other Research Peptides
nerinetide,Nerinetide,"A neuroprotective peptide targeting PSD-95 interactions, used in stroke research for studying excitotoxicity prevention and neuronal survival signaling.",https://peakpeptidessolutions.com/products/nerinetide,https://peakpeptidessolutions.com/images/products/nerinetide.jpg,238.00 USD,198.00 USD,in_stock,new,Peak Peptides Solutions,Health > Health Care,Cognitive & Nootropic,no,Cognitive & Nootropic
nelipcpimut-s,Nelipcpimut-S,An HER2/neu-derived immunogenic peptide (E75) used in cancer immunology research for studying CD8+ T-cell activation and breast cancer vaccine strategies.,https://peakpeptidessolutions.com/products/nelipcpimut-s,https://peakpeptidessolutions.com/images/products/nelipcpimut-s.jpg,228.00 USD,188.00 USD,in_stock,new,Peak Peptides Solutions,Health > Health Care,Immune Support,no,Immune Support
mazdutide,Mazdutide,"A GLP-1/glucagon dual receptor agonist used in metabolic research for studying combined glucagon and incretin effects on weight, glucose, and lipid metabolism.",https://peakpeptidessolutions.com/products/mazdutide,https://peakpeptidessolutions.com/images/products/mazdutide.jpg,588.00 USD,548.00 USD,in_stock,new,Peak Peptides Solutions,Health > Health Care,GLP-1 Agonists,no,GLP-1 Agonists
glepaglutide,Glepaglutide,"A GLP-2 receptor agonist used in GI research for studying intestinal adaptation, mucosal growth, and short bowel syndrome treatment mechanisms.",https://peakpeptidessolutions.com/products/glepaglutide,https://peakpeptidessolutions.com/images/products/glepaglutide.jpg,588.00 USD,548.00 USD,in_stock,new,Peak Peptides Solutions,Health > Health Care,Other Research Peptides,no,Other Research Peptides
ghrelin,Ghrelin,"The 28-amino acid acylated 'hunger hormone' peptide used in research on appetite regulation, GH secretion, energy homeostasis, and metabolic signaling.",https://peakpeptidessolutions.com/products/ghrelin,https://peakpeptidessolutions.com/images/products/ghrelin.jpg,250.00 USD,210.00 USD,in_stock,new,Peak Peptides Solutions,Health > Health Care,Growth Hormone Peptides,no,Growth Hormone Peptides
ecnoglutide,Ecnoglutide,A GLP-1 receptor agonist used in metabolic research for studying glucose-dependent insulin secretion and obesity/diabetes treatment mechanisms.,https://peakpeptidessolutions.com/products/ecnoglutide,https://peakpeptidessolutions.com/images/products/ecnoglutide.jpg,588.00 USD,548.00 USD,in_stock,new,Peak Peptides Solutions,Health > Health Care,GLP-1 Agonists,no,GLP-1 Agonists
disomotide,Disomotide,"A cyclic peptide used in research on LTβR pathway agonism, secondary lymphoid organ formation, and lymphangiogenesis mechanisms.",https://peakpeptidessolutions.com/products/disomotide,https://peakpeptidessolutions.com/images/products/disomotide.jpg,138.00 USD,98.00 USD,in_stock,new,Peak Peptides Solutions,Health > Health Care,Other Research Peptides,no,Other Research Peptides
dirucotide,Dirucotide,A peptide fragment of myelin basic protein (MBP) used in multiple sclerosis research for studying antigen-specific immune tolerance mechanisms.,https://peakpeptidessolutions.com/products/dirucotide,https://peakpeptidessolutions.com/images/products/dirucotide.jpg,388.00 USD,348.00 USD,in_stock,new,Peak Peptides Solutions,Health > Health Care,Other Research Peptides,no,Other Research Peptides
cagrilintide,Cagrilintide,A long-acting amylin analog used in metabolic research for studying amylin receptor-mediated satiety and synergistic weight loss with GLP-1 agonists.,https://peakpeptidessolutions.com/products/cagrilintide,https://peakpeptidessolutions.com/images/products/cagrilintide.jpg,685.00 USD,645.00 USD,in_stock,new,Peak Peptides Solutions,Health > Health Care,GLP-1 Agonists,no,GLP-1 Agonists
brimapitide,Brimapitide,"A JNK inhibitor peptide (D-JNKI-1) used in research on inflammatory signaling, auditory hair cell protection, and neurodegeneration prevention.",https://peakpeptidessolutions.com/products/brimapitide,https://peakpeptidessolutions.com/images/products/brimapitide.jpg,198.00 USD,158.00 USD,in_stock,new,Peak Peptides Solutions,Health > Health Care,Other Research Peptides,no,Other Research Peptides
balixafortide,Balixafortide,A cyclic CXCR4 antagonist peptide used in oncology research for studying CXCR4-CXCL12 axis disruption and tumor microenvironment modulation.,https://peakpeptidessolutions.com/products/balixafortide,https://peakpeptidessolutions.com/images/products/balixafortide.jpg,265.00 USD,225.00 USD,in_stock,new,Peak Peptides Solutions,Health > Health Care,Other Research Peptides,no,Other Research Peptides
asudemotide,Asudemotide,A MUC1 mucin-derived peptide used in cancer research for studying immune evasion mechanisms and cancer vaccine development strategies.,https://peakpeptidessolutions.com/products/asudemotide,https://peakpeptidessolutions.com/images/products/asudemotide.jpg,388.00 USD,348.00 USD,in_stock,new,Peak Peptides Solutions,Health > Health Care,Other Research Peptides,no,Other Research Peptides
diapep277,DiaPep277,A 24-amino acid heat shock protein 60 (Hsp60) fragment used in diabetes research for studying regulatory T-cell induction and pancreatic beta-cell preservation.,https://peakpeptidessolutions.com/products/diapep277,https://peakpeptidessolutions.com/images/products/diapep277.jpg,688.00 USD,648.00 USD,in_stock,new,Peak Peptides Solutions,Health > Health Care,Other Research Peptides,no,Other Research Peptides
alm-488,ALM-488,A fluorescently labeled antimicrobial peptide analog used in imaging research for studying membrane interactions and bacterial targeting visualization.,https://peakpeptidessolutions.com/products/alm-488,https://peakpeptidessolutions.com/images/products/alm88.jpg,988.00 USD,948.00 USD,in_stock,new,Peak Peptides Solutions,Health > Health Care,Other Research Peptides,no,Other Research Peptides
zilucoplan-sodium,Zilucoplan Sodium,"A macrocyclic peptide complement inhibitor targeting C5, used in immunology research for studying complement activation in myasthenia gravis and related diseases.",https://peakpeptidessolutions.com/products/zilucoplan-sodium,https://peakpeptidessolutions.com/images/products/zilucoplan-sodium.jpg,388.00 USD,348.00 USD,in_stock,new,Peak Peptides Solutions,Health > Health Care,Other Research Peptides,no,Other Research Peptides
motixafortide,Motixafortide,A cyclic CXCR4 antagonist peptide used in hematology research for studying hematopoietic stem and progenitor cell (HSPC) mobilization and bone marrow niche interactions.,https://peakpeptidessolutions.com/products/motixafortide,https://peakpeptidessolutions.com/images/products/motixafortide-acetate.jpg,238.00 USD,198.00 USD,in_stock,new,Peak Peptides Solutions,Health > Health Care,Other Research Peptides,no,Other Research Peptides
rezafungin-acetate,Rezafungin Acetate,A long-acting echinocandin antifungal peptide used in research on Candida and Aspergillus cell wall beta-glucan synthase inhibition.,https://peakpeptidessolutions.com/products/rezafungin-acetate,https://peakpeptidessolutions.com/images/products/rezafungin-acetate.jpg,400.00 USD,360.00 USD,in_stock,new,Peak Peptides Solutions,Health > Health Care,Other Research Peptides,no,Other Research Peptides
trofinetide,Trofinetide,"A synthetic analog of the N-terminal tripeptide of IGF-1 (GPE), used in research on Rett syndrome neuroprotection and synaptic density restoration.",https://peakpeptidessolutions.com/products/trofinetide,https://peakpeptidessolutions.com/images/products/trofinetide.jpg,488.00 USD,448.00 USD,in_stock,new,Peak Peptides Solutions,Health > Health Care,Other Research Peptides,no,Other Research Peptides
ziconotide,Ziconotide,A 25-amino acid omega-conotoxin from cone snail venom used in pain research to study N-type voltage-gated calcium channel blockade mechanisms.,https://peakpeptidessolutions.com/products/ziconotide,https://peakpeptidessolutions.com/images/products/ziconotide.jpg,320.00 USD,280.00 USD,in_stock,new,Peak Peptides Solutions,Health > Health Care,Other Research Peptides,no,Other Research Peptides
pasireotide,Pasireotide,"A multireceptor somatostatin analog used in neuroendocrinology research for studying Cushing's disease, acromegaly, and somatostatin receptor subtype pharmacology.",https://peakpeptidessolutions.com/products/pasireotide,https://peakpeptidessolutions.com/images/products/pasireotide.jpg,198.00 USD,158.00 USD,in_stock,new,Peak Peptides Solutions,Health > Health Care,Other Research Peptides,no,Other Research Peptides
abarelix,Abarelix,A GnRH antagonist decapeptide used in oncology and reproductive research for studying acute androgen suppression without testosterone surge effects.,https://peakpeptidessolutions.com/products/abarelix,https://peakpeptidessolutions.com/images/products/abarelix.jpg,148.00 USD,108.00 USD,in_stock,new,Peak Peptides Solutions,Health > Health Care,Other Research Peptides,no,Other Research Peptides
linaclotide,Linaclotide,"A 14-amino acid guanylate cyclase-C (GC-C) agonist used in GI research for studying intestinal secretion, motility, and visceral pain signaling mechanisms.",https://peakpeptidessolutions.com/products/linaclotide,https://peakpeptidessolutions.com/images/products/linaclotide.jpg,495.00 USD,455.00 USD,in_stock,new,Peak Peptides Solutions,Health > Health Care,Other Research Peptides,no,Other Research Peptides
taltirelin,Taltirelin,A synthetic thyrotropin-releasing hormone (TRH) analog used in neuroscience research for studying TRH receptor pharmacology and neuroprotective effects.,https://peakpeptidessolutions.com/products/taltirelin,https://peakpeptidessolutions.com/images/products/taltirelin.jpg,158.00 USD,118.00 USD,in_stock,new,Peak Peptides Solutions,Health > Health Care,Other Research Peptides,no,Other Research Peptides
plecanatide,Plecanatide,A 16-amino acid uroguanylin analog GC-C agonist used in GI research for studying intestinal fluid secretion and constipation treatment mechanisms.,https://peakpeptidessolutions.com/products/plecanatide,https://peakpeptidessolutions.com/images/products/plecanatide.jpg,199.00 USD,159.00 USD,in_stock,new,Peak Peptides Solutions,Health > Health Care,Other Research Peptides,no,Other Research Peptides
daridorexant,Daridorexant,A dual orexin receptor antagonist (DORA) used in sleep research for studying orexin-mediated wakefulness promotion and insomnia treatment mechanisms.,https://peakpeptidessolutions.com/products/daridorexant,https://peakpeptidessolutions.com/images/products/daridorexant.jpg,198.00 USD,158.00 USD,in_stock,new,Peak Peptides Solutions,Health > Health Care,Other Research Peptides,no,Other Research Peptides
voclosporin,Voclosporin,A calcineurin inhibitor cyclosporin analog used in immunology research for studying CNI pharmacology and lupus nephritis immunosuppression mechanisms.,https://peakpeptidessolutions.com/products/voclosporin,https://peakpeptidessolutions.com/images/products/voclosporin.jpg,588.00 USD,548.00 USD,in_stock,new,Peak Peptides Solutions,Health > Health Care,Immune Support,no,Immune Support
terlipressin,Terlipressin,A vasopressin prodrug tripeptide conjugate used in hepatology research for studying splanchnic vasoconstriction and hepatorenal syndrome treatment.,https://peakpeptidessolutions.com/products/terlipressin,https://peakpeptidessolutions.com/images/products/terlipressin.jpg,218.00 USD,178.00 USD,in_stock,new,Peak Peptides Solutions,Health > Health Care,Other Research Peptides,no,Other Research Peptides
difelikefalin,Difelikefalin,A kappa-opioid receptor (KOR) agonist peptide used in nephrology research for studying peripheral KOR-mediated pruritus and pain signaling in CKD.,https://peakpeptidessolutions.com/products/difelikefalin,https://peakpeptidessolutions.com/images/products/difelikefalin.jpg,165.00 USD,125.00 USD,in_stock,new,Peak Peptides Solutions,Health > Health Care,Other Research Peptides,no,Other Research Peptides
pegcetacoplan,Pegcetacoplan,A PEGylated cyclic peptide inhibitor of complement C3 used in hematology research for studying paroxysmal nocturnal hemoglobinuria (PNH) mechanisms.,https://peakpeptidessolutions.com/products/pegcetacoplan,https://peakpeptidessolutions.com/images/products/pegcetacoplan.jpg,495.00 USD,455.00 USD,in_stock,new,Peak Peptides Solutions,Health > Health Care,Other Research Peptides,no,Other Research Peptides
dasiglucagon,Dasiglucagon,"A stable glucagon analog peptide used in endocrinology research for studying acute hypoglycemia rescue, glucagon receptor signaling, and formulation stability.",https://peakpeptidessolutions.com/products/dasiglucagon,https://peakpeptidessolutions.com/images/products/dasiglucagon.jpg,678.00 USD,638.00 USD,in_stock,new,Peak Peptides Solutions,Health > Health Care,Other Research Peptides,no,Other Research Peptides
etelcalcetide,Etelcalcetide,A synthetic peptide calcimimetic agent used in nephrology research for studying calcium-sensing receptor (CaSR) agonism and secondary hyperparathyroidism.,https://peakpeptidessolutions.com/products/etelcalcetide,https://peakpeptidessolutions.com/images/products/etelcalcetide.jpg,325.00 USD,285.00 USD,in_stock,new,Peak Peptides Solutions,Health > Health Care,Other Research Peptides,no,Other Research Peptides
angiotensin-ii,Angiotensin II,The 8-amino acid octapeptide vasoconstrictor used in cardiovascular research for studying AT1/AT2 receptor pharmacology and renin-angiotensin system regulation.,https://peakpeptidessolutions.com/products/angiotensin-ii,https://peakpeptidessolutions.com/images/products/angiotensin-ii.jpg,180.00 USD,140.00 USD,in_stock,new,Peak Peptides Solutions,Health > Health Care,Other Research Peptides,no,Other Research Peptides
nesiritide,Nesiritide,Recombinant B-type natriuretic peptide (BNP) used in cardiovascular research for studying natriuretic peptide receptor-A signaling and acute heart failure.,https://peakpeptidessolutions.com/products/nesiritide,https://peakpeptidessolutions.com/images/products/nesiritide.jpg,678.00 USD,638.00 USD,in_stock,new,Peak Peptides Solutions,Health > Health Care,Other Research Peptides,no,Other Research Peptides
carbetocin,Carbetocin,A synthetic long-acting oxytocin analog used in reproductive and neuroendocrinology research for studying OTR-mediated uterine tone and lactation mechanisms.,https://peakpeptidessolutions.com/products/carbetocin,https://peakpeptidessolutions.com/images/products/carbetocin.jpg,198.00 USD,158.00 USD,in_stock,new,Peak Peptides Solutions,Health > Health Care,Other Research Peptides,no,Other Research Peptides
atosiban,Atosiban,An oxytocin/vasopressin receptor antagonist nonapeptide used in obstetrics research for studying myometrial relaxation and preterm labor tocolysis mechanisms.,https://peakpeptidessolutions.com/products/atosiban,https://peakpeptidessolutions.com/images/products/atosiban.jpg,198.00 USD,158.00 USD,in_stock,new,Peak Peptides Solutions,Health > Health Care,Other Research Peptides,no,Other Research Peptides
mifamurtide,Mifamurtide,"A muramyl dipeptide-lipid conjugate used in immunology research for studying macrophage activation, innate immunity, and NOD2 receptor signaling in osteosarcoma.",https://peakpeptidessolutions.com/products/mifamurtide,https://peakpeptidessolutions.com/images/products/mifamurtide.jpg,995.00 USD,955.00 USD,in_stock,new,Peak Peptides Solutions,Health > Health Care,Immune Support,no,Immune Support
carfilzomib,Carfilzomib,An epoxyketone tetrapeptide proteasome inhibitor used in oncology research for studying 20S proteasome chymotryptic activity and multiple myeloma pathways.,https://peakpeptidessolutions.com/products/carfilzomib,https://peakpeptidessolutions.com/images/products/carfilzomib.jpg,235.00 USD,195.00 USD,in_stock,new,Peak Peptides Solutions,Health > Health Care,Other Research Peptides,no,Other Research Peptides
bremelanotide,Bremelanotide,"A cyclic heptapeptide melanocortin receptor agonist used in research on female sexual dysfunction, MC3/MC4R pharmacology, and sexual arousal mechanisms.",https://peakpeptidessolutions.com/products/bremelanotide,https://peakpeptidessolutions.com/images/products/bremelanotide.jpg,128.00 USD,88.00 USD,in_stock,new,Peak Peptides Solutions,Health > Health Care,Other Research Peptides,no,Other Research Peptides
aviptadil,Aviptadil,Synthetic vasoactive intestinal peptide (VIP) used in pulmonary and neuroendocrinology research for studying VPAC receptor-mediated bronchodilation and anti-inflammatory effects.,https://peakpeptidessolutions.com/products/aviptadil,https://peakpeptidessolutions.com/images/products/aviptadil.jpg,235.00 USD,195.00 USD,in_stock,new,Peak Peptides Solutions,Health > Health Care,Other Research Peptides,no,Other Research Peptides
vosoritide,Vosoritide,A CNP analog peptide used in skeletal dysplasia research for studying natriuretic peptide receptor-B (NPR-B) activation and longitudinal bone growth.,https://peakpeptidessolutions.com/products/vosoritide,https://peakpeptidessolutions.com/images/products/vosoritide.jpg,445.00 USD,405.00 USD,in_stock,new,Peak Peptides Solutions,Health > Health Care,Other Research Peptides,no,Other Research Peptides
afamelanotide,Afamelanotide,"A synthetic alpha-MSH analog MC1R agonist used in dermatology research for studying photoprotection, melanogenesis, and erythropoietic protoporphyria mechanisms.",https://peakpeptidessolutions.com/products/afamelanotide,https://peakpeptidessolutions.com/images/products/afamelanotide.jpg,145.00 USD,105.00 USD,in_stock,new,Peak Peptides Solutions,Health > Health Care,Other Research Peptides,no,Other Research Peptides
romiplostim,Romiplostim,A thrombopoietin receptor agonist peptibody used in hematology research for studying megakaryocyte differentiation and platelet production mechanisms.,https://peakpeptidessolutions.com/products/romiplostim,https://peakpeptidessolutions.com/images/products/romiplostim.jpg,355.00 USD,315.00 USD,in_stock,new,Peak Peptides Solutions,Health > Health Care,Other Research Peptides,no,Other Research Peptides
enfuvirtide,Enfuvirtide,"A 36-amino acid HIV-1 fusion inhibitor peptide targeting gp41 heptad repeat regions, used in antiviral research for studying HIV viral entry mechanisms.",https://peakpeptidessolutions.com/products/enfuvirtide,https://peakpeptidessolutions.com/images/products/enfuvirtide.jpg,895.00 USD,855.00 USD,in_stock,new,Peak Peptides Solutions,Health > Health Care,Immune Support,no,Immune Support
icatibant,Icatibant,"A synthetic bradykinin B2 receptor antagonist decapeptide used in research on hereditary angioedema, bradykinin signaling, and kallikrein-kinin system pharmacology.",https://peakpeptidessolutions.com/products/icatibant,https://peakpeptidessolutions.com/images/products/icatibant.jpg,985.00 USD,945.00 USD,in_stock,new,Peak Peptides Solutions,Health > Health Care,Other Research Peptides,no,Other Research Peptides
abaloparatide,Abaloparatide,A synthetic PTHrP analog used in bone research for studying PTH1R-mediated anabolic bone formation and osteoporosis treatment mechanisms.,https://peakpeptidessolutions.com/products/abaloparatide,https://peakpeptidessolutions.com/images/products/abaloparatide.jpg,445.00 USD,405.00 USD,in_stock,new,Peak Peptides Solutions,Health > Health Care,Other Research Peptides,no,Other Research Peptides
teriparatide,Teriparatide,"Recombinant human PTH(1-34) used in bone research for studying osteoblast stimulation, bone mineral density, and anabolic fracture healing mechanisms.",https://peakpeptidessolutions.com/products/teriparatide,https://peakpeptidessolutions.com/images/products/teriparatide.jpg,335.00 USD,295.00 USD,in_stock,new,Peak Peptides Solutions,Health > Health Care,Other Research Peptides,no,Other Research Peptides
degarelix,Degarelix,A GnRH antagonist decapeptide used in oncology research for studying acute testosterone suppression and prostate cancer hormonal pathway modulation.,https://peakpeptidessolutions.com/products/degarelix,https://peakpeptidessolutions.com/images/products/degarelix.jpg,385.00 USD,345.00 USD,in_stock,new,Peak Peptides Solutions,Health > Health Care,Other Research Peptides,no,Other Research Peptides
teduglutide,Teduglutide,"A GLP-2 analog used in GI research for studying intestinal mucosal growth, short bowel syndrome adaptation, and intestinal failure treatment mechanisms.",https://peakpeptidessolutions.com/products/teduglutide,https://peakpeptidessolutions.com/images/products/teduglutide.jpg,995.00 USD,955.00 USD,in_stock,new,Peak Peptides Solutions,Health > Health Care,Other Research Peptides,no,Other Research Peptides
setmelanotide,Setmelanotide,A cyclic heptapeptide MC4R agonist used in obesity research for studying leptin receptor downstream signaling and hypothalamic weight regulation pathways.,https://peakpeptidessolutions.com/products/setmelanotide,https://peakpeptidessolutions.com/images/products/setmelanotide.jpg,335.00 USD,295.00 USD,in_stock,new,Peak Peptides Solutions,Health > Health Care,Other Research Peptides,no,Other Research Peptides
albiglutide,Albiglutide,A GLP-1 receptor agonist albumin fusion peptide used in diabetes research for studying extended half-life incretin pharmacology and beta-cell function.,https://peakpeptidessolutions.com/products/albiglutide,https://peakpeptidessolutions.com/images/products/albiglutide.jpg,1385.00 USD,1345.00 USD,in_stock,new,Peak Peptides Solutions,Health > Health Care,GLP-1 Agonists,no,GLP-1 Agonists
lixisenatide,Lixisenatide,A 44-amino acid GLP-1 receptor agonist peptide used in metabolic research for studying prandial glucose control and gastric emptying mechanisms.,https://peakpeptidessolutions.com/products/lixisenatide,https://peakpeptidessolutions.com/images/products/lixisenatide.jpg,588.00 USD,548.00 USD,in_stock,new,Peak Peptides Solutions,Health > Health Care,GLP-1 Agonists,no,GLP-1 Agonists
exenatide,Exenatide,A 39-amino acid Gila monster-derived GLP-1 receptor agonist used in diabetes and obesity research for studying incretin physiology and weight regulation.,https://peakpeptidessolutions.com/products/exenatide,https://peakpeptidessolutions.com/images/products/exenatide.jpg,188.00 USD,148.00 USD,in_stock,new,Peak Peptides Solutions,Health > Health Care,GLP-1 Agonists,no,GLP-1 Agonists
dulaglutide,Dulaglutide,A GLP-1 receptor agonist IgG4 fusion peptide used in metabolic research for studying sustained incretin receptor activation and cardiovascular outcomes.,https://peakpeptidessolutions.com/products/dulaglutide,https://peakpeptidessolutions.com/images/products/dulaglutide.jpg,988.00 USD,948.00 USD,in_stock,new,Peak Peptides Solutions,Health > Health Care,GLP-1 Agonists,no,GLP-1 Agonists
melanotan-ii,Melanotan II,"A synthetic alpha-MSH cyclic peptide analog used in research on melanocortin receptor pharmacology, tanning, sexual function, and appetite regulation.",https://peakpeptidessolutions.com/products/melanotan-ii,https://peakpeptidessolutions.com/images/products/melanotan-ii.jpg,295.00 USD,255.00 USD,in_stock,new,Peak Peptides Solutions,Health > Health Care,Other Research Peptides,no,Other Research Peptides
kisspeptin-10,Kisspeptin-10,The 10-amino acid C-terminal fragment of kisspeptin used in reproductive endocrinology research for studying GPR54 activation and GnRH pulse regulation.,https://peakpeptidessolutions.com/products/kisspeptin-10,https://peakpeptidessolutions.com/images/products/kisspeptin0.jpg,245.00 USD,205.00 USD,in_stock,new,Peak Peptides Solutions,Health > Health Care,Other Research Peptides,no,Other Research Peptides
dsip,DSIP,"Delta sleep-inducing peptide, a neuropeptide used in sleep research for studying sleep regulation, stress response modulation, and neuroendocrine function.",https://peakpeptidessolutions.com/products/dsip,https://peakpeptidessolutions.com/images/products/dsip.jpg,195.00 USD,155.00 USD,in_stock,new,Peak Peptides Solutions,Health > Health Care,Cognitive & Nootropic,no,Cognitive & Nootropic
mots-c,MOTs-C,"A mitochondria-derived peptide encoded by the 12S rRNA gene, used in metabolic research for studying AMPK activation, insulin sensitivity, and longevity signaling.",https://peakpeptidessolutions.com/products/mots-c,https://peakpeptidessolutions.com/images/products/mots-c.jpg,200.00 USD,160.00 USD,in_stock,new,Peak Peptides Solutions,Health > Health Care,Anti-Aging,no,Anti-Aging
liraglutide,Liraglutide,A 26-amino acid GLP-1 analog fatty acid-acylated peptide used in metabolic research for studying long-acting GLP-1 receptor agonism and weight regulation.,https://peakpeptidessolutions.com/products/liraglutide,https://peakpeptidessolutions.com/images/products/liraglutide.jpg,285.00 USD,245.00 USD,in_stock,new,Peak Peptides Solutions,Health > Health Care,GLP-1 Agonists,no,GLP-1 Agonists